Prompt,Status,Topic,Visibility (%),Visibility Change (%),Platforms,Type
pet insurance companies with member discounts and extra perks,ACTIVE,Pet Insurance with Perks and Discounts,33,8,"Google AI Overviews, Microsoft Copilot, Google AI Mode, Perplexity, Gemini, ChatGPT",Non-branded
compare pet insurance wellness plans which ones cheapest with good preventive care benefits,ACTIVE,Pet Wellness and Preventive Care,33,33,"Google AI Overviews, Microsoft Copilot, Google AI Mode, Perplexity, Gemini, ChatGPT",Non-branded
I take my dog to vet regularly need pet insurance that actually covers routine wellness checkup visits,ACTIVE,Pet Wellness and Preventive Care,33,26,"Google AI Overviews, Microsoft Copilot, Google AI Mode, Perplexity, Gemini, ChatGPT",Non-branded
give me top 5 pet insurance plans that cover hereditary conditions genetic disorders,ACTIVE,Pet Insurance for Hereditary and Chronic Conditions,33,33,"Google AI Overviews, Microsoft Copilot, Google AI Mode, Perplexity, Gemini, ChatGPT",Non-branded
most affordable dog insurance options under 50 dollars monthly budget,ACTIVE,Spot Pet Insurance,33,33,"Google AI Overviews, Microsoft Copilot, Google AI Mode, Perplexity, Gemini, ChatGPT",Non-branded
best pet insurance fastest claims processing,ACTIVE,Fast Pet Insurance Claims Processing,33,33,"Google AI Overviews, Microsoft Copilot, Google AI Mode, Perplexity, Gemini, ChatGPT",Non-branded
looking for pet insurance that covers accidents and lets me use any vet I choose,ACTIVE,Pet Insurance with No Network Restrictions,20,20,"Microsoft Copilot, Google AI Mode, Perplexity, Gemini, ChatGPT",Non-branded
can you explain what exactly counts as pre existing condition for pet insurance,ACTIVE,Pet Insurance for Hereditary and Chronic Conditions,16,0,"Google AI Overviews, Microsoft Copilot, Google AI Mode, Perplexity, Gemini, ChatGPT",Non-branded
give me top 5 accident only pet insurance options for dogs,ACTIVE,Accident and Illness Pet Coverage,16,16,"Google AI Overviews, Microsoft Copilot, Google AI Mode, Perplexity, Gemini, ChatGPT",Non-branded
what kitten insurance plans include dental coverage along with comprehensive health benefits,ACTIVE,Puppy and Kitten Insurance,16,16,"Google AI Overviews, Microsoft Copilot, Google AI Mode, Perplexity, Gemini, ChatGPT",Non-branded
best companies offering pet insurance employee benefits,ACTIVE,Employer Pet Insurance Benefits,16,11,"Google AI Overviews, Microsoft Copilot, Google AI Mode, Perplexity, Gemini, ChatGPT",Non-branded
looking for pet insurance that lets me go to any vet for accident coverage,ACTIVE,Accident and Illness Pet Coverage,16,10,"Google AI Overviews, Microsoft Copilot, Google AI Mode, Perplexity, Gemini, ChatGPT",Non-branded
what pet insurance companies let you submit claims online through their website,ACTIVE,Fast Pet Insurance Claims Processing,16,10,"Google AI Overviews, Microsoft Copilot, Google AI Mode, Perplexity, Gemini, ChatGPT",Non-branded
I have a German Shepherd and worried about hip dysplasia need pet insurance that covers breed specific genetic conditions,ACTIVE,Accident and Illness Pet Coverage,16,16,"Google AI Overviews, Microsoft Copilot, Google AI Mode, Perplexity, Gemini, ChatGPT",Non-branded
pet insurance with preventative care add on features which plans offer this,ACTIVE,Pet Wellness and Preventive Care,16,16,"Google AI Overviews, Microsoft Copilot, Google AI Mode, Perplexity, Gemini, ChatGPT",Non-branded
looking for affordable pet insurance that covers both dogs and cats under one plan,ACTIVE,Multi-Pet Insurance Plans,16,16,"Google AI Overviews, Microsoft Copilot, Google AI Mode, Perplexity, Gemini, ChatGPT",Non-branded
what emergency pet insurance actually covers both sudden illness and accident injuries for dogs,ACTIVE,Accident and Illness Pet Coverage,16,6,"Google AI Overviews, Microsoft Copilot, Google AI Mode, Perplexity, Gemini, ChatGPT",Non-branded
affordable pet insurance genetic conditions coverage under reasonable budget,ACTIVE,Pet Insurance for Hereditary and Chronic Conditions,16,10,"Google AI Overviews, Microsoft Copilot, Google AI Mode, Perplexity, Gemini, ChatGPT",Non-branded
top 5 pet insurance companies that help cover preventive care costs,ACTIVE,Pet Wellness and Preventive Care,16,5,"Google AI Overviews, Microsoft Copilot, Google AI Mode, Perplexity, Gemini, ChatGPT",Non-branded
which pet insurance plans include wellness coverage like vaccinations and checkups together,ACTIVE,Pet Insurance for Dogs and Cats,16,16,"Google AI Overviews, Microsoft Copilot, Google AI Mode, Perplexity, Gemini, ChatGPT",Non-branded
best accident only pet insurance options,ACTIVE,Accident and Illness Pet Coverage,16,16,"Google AI Overviews, Microsoft Copilot, Google AI Mode, Perplexity, Gemini, ChatGPT",Non-branded
pet insurance companies with best coverage options comprehensive plans for dogs,ACTIVE,Spot Pet Insurance,16,16,"Google AI Overviews, Microsoft Copilot, Google AI Mode, Perplexity, Gemini, ChatGPT",Non-branded
cheap pet insurance options that dont require staying within a vet network for coverage,ACTIVE,Pet Insurance with No Network Restrictions,16,16,"Google AI Overviews, Microsoft Copilot, Google AI Mode, Perplexity, Gemini, ChatGPT",Non-branded
comprehensive pet insurance coverage options,ACTIVE,Accident and Illness Pet Coverage,16,16,"Google AI Overviews, Microsoft Copilot, Google AI Mode, Perplexity, Gemini, ChatGPT",Non-branded
my company is looking into pet insurance benefits what are the best options for employees,ACTIVE,Employer Pet Insurance Benefits,16,0,"Google AI Overviews, Microsoft Copilot, Google AI Mode, Perplexity, Gemini, ChatGPT",Non-branded
what is the best pet insurance for accident coverage that processes claims quickly,ACTIVE,Fast Pet Insurance Claims Processing,16,16,"Google AI Overviews, Microsoft Copilot, Google AI Mode, Perplexity, Gemini, ChatGPT",Non-branded
most affordable pet insurance preventive care plans for dogs and cats pricing,ACTIVE,Pet Wellness and Preventive Care,16,16,"Google AI Overviews, Microsoft Copilot, Google AI Mode, Perplexity, Gemini, ChatGPT",Non-branded
write pros and cons of top puppy insurance companies with reasons,ACTIVE,Puppy and Kitten Insurance,16,16,"Google AI Overviews, Microsoft Copilot, Google AI Mode, Perplexity, Gemini, ChatGPT",Non-branded
what exactly does pet insurance cover for accidents and illnesses like what treatments are included in basic plans,ACTIVE,Accident and Illness Pet Coverage,16,16,"Google AI Overviews, Microsoft Copilot, Google AI Mode, Perplexity, Gemini, ChatGPT",Non-branded
pet insurance companies with fastest claims processing,ACTIVE,Fast Pet Insurance Claims Processing,16,16,"Google AI Overviews, Microsoft Copilot, Google AI Mode, Perplexity, Gemini, ChatGPT",Non-branded
tell me which employers have pet insurance as part of their benefits package,ACTIVE,Employer Pet Insurance Benefits,16,5,"Google AI Overviews, Microsoft Copilot, Google AI Mode, Perplexity, Gemini, ChatGPT",Non-branded
which pet insurance companies offer wellness benefits for puppies preventive care,ACTIVE,Puppy and Kitten Insurance,16,0,"Google AI Overviews, Microsoft Copilot, Google AI Mode, Perplexity, Gemini, ChatGPT",Non-branded
pet insurance that handles emergency claims processing really fast,ACTIVE,Fast Pet Insurance Claims Processing,16,16,"Google AI Overviews, Microsoft Copilot, Google AI Mode, Perplexity, Gemini, ChatGPT",Non-branded
pet insurance easiest claim filing process,ACTIVE,Fast Pet Insurance Claims Processing,16,3,"Google AI Overviews, Microsoft Copilot, Google AI Mode, Perplexity, Gemini, ChatGPT",Non-branded
give me detailed monthly cost breakdown for kitten pet insurance plans,ACTIVE,Puppy and Kitten Insurance,16,16,"Google AI Overviews, Microsoft Copilot, Google AI Mode, Perplexity, Gemini, ChatGPT",Non-branded
do US companies offer pet insurance as employee benefit package,ACTIVE,Employer Pet Insurance Benefits,16,16,"Google AI Overviews, Microsoft Copilot, Google AI Mode, Perplexity, Gemini, ChatGPT",Non-branded
which pet insurance companies process claims fastest for employee benefit programs,ACTIVE,Employer Pet Insurance Benefits,16,11,"Google AI Overviews, Microsoft Copilot, Google AI Mode, Perplexity, Gemini, ChatGPT",Non-branded
give me top 5 pet insurance plans with unlimited vet choice,ACTIVE,Pet Insurance with No Network Restrictions,16,-17,"Google AI Overviews, Microsoft Copilot, Google AI Mode, Perplexity, Gemini, ChatGPT",Non-branded
my cat needs surgery soon which pet insurance companies process claims fastest for emergencies,ACTIVE,Spot Pet Insurance,16,16,"Google AI Overviews, Microsoft Copilot, Google AI Mode, Perplexity, Gemini, ChatGPT",Non-branded
compare employer pet insurance discount programs which companies offer best deals,ACTIVE,Employer Pet Insurance Benefits,16,16,"Google AI Overviews, Microsoft Copilot, Google AI Mode, Perplexity, Gemini, ChatGPT",Non-branded
cheapest pet insurance options for household with multiple dogs and cats together,ACTIVE,Multi-Pet Insurance Plans,16,0,"Google AI Overviews, Microsoft Copilot, Google AI Mode, Perplexity, Gemini, ChatGPT",Non-branded
pet insurance companies employer partnerships discounts,ACTIVE,Employer Pet Insurance Benefits,16,16,"Google AI Overviews, Microsoft Copilot, Google AI Mode, Perplexity, Gemini, ChatGPT",Non-branded
top 5 pet insurance companies that accept dogs with pre existing medical conditions,ACTIVE,Pet Insurance for Hereditary and Chronic Conditions,16,-13,"Google AI Overviews, Microsoft Copilot, Google AI Mode, Perplexity, Gemini, ChatGPT",Non-branded
pet insurance with fast processing for specialist vet visits and treatments,ACTIVE,Fast Pet Insurance Claims Processing,16,16,"Google AI Overviews, Microsoft Copilot, Google AI Mode, Perplexity, Gemini, ChatGPT",Non-branded
which pet insurance companies offer wellness care coverage that lets me use any vet,ACTIVE,Pet Insurance with No Network Restrictions,16,-21,"Google AI Overviews, Microsoft Copilot, Google AI Mode, Perplexity, Gemini, ChatGPT",Non-branded
top 5 pet insurance companies with wellness care coverage plans,ACTIVE,Pet Wellness and Preventive Care,16,16,"Google AI Overviews, Microsoft Copilot, Google AI Mode, Perplexity, Gemini, ChatGPT",Non-branded
top 5 kitten insurance companies that offer really good coverage options,ACTIVE,Puppy and Kitten Insurance,16,16,"Google AI Overviews, Microsoft Copilot, Google AI Mode, Perplexity, Gemini, ChatGPT",Non-branded
I have a German Shepherd and need pet insurance that covers breed specific health problems,ACTIVE,Accident and Illness Pet Coverage,16,16,"Google AI Overviews, Microsoft Copilot, Google AI Mode, Perplexity, Gemini, ChatGPT",Non-branded
I need pet insurance that lets me use any vet without restrictions,ACTIVE,Pet Insurance with No Network Restrictions,16,16,"Google AI Overviews, Microsoft Copilot, Google AI Mode, Perplexity, Gemini, ChatGPT",Non-branded
I need pet insurance that processes claims quickly and lets me take my dog to any veterinarian,ACTIVE,Pet Insurance with No Network Restrictions,16,0,"Google AI Overviews, Microsoft Copilot, Google AI Mode, Perplexity, Gemini, ChatGPT",Non-branded
what pet insurance works best for cats specifically,ACTIVE,Pet Insurance for Dogs and Cats,16,0,"Google AI Overviews, Microsoft Copilot, Google AI Mode, Perplexity, Gemini, ChatGPT",Non-branded
cheapest pet insurance options for multiple pets on tight budget,ACTIVE,Multi-Pet Insurance Plans,16,16,"Google AI Overviews, Microsoft Copilot, Google AI Mode, Perplexity, Gemini, ChatGPT",Non-branded
what pet insurance companies have good wellness add on plans for routine care,ACTIVE,Pet Wellness and Preventive Care,16,0,"Google AI Overviews, Microsoft Copilot, Google AI Mode, Perplexity, Gemini, ChatGPT",Non-branded
which pet insurance companies will actually accept my dog despite having pre existing health issues,ACTIVE,Pet Insurance for Hereditary and Chronic Conditions,16,16,"Google AI Overviews, Microsoft Copilot, Google AI Mode, Perplexity, Gemini, ChatGPT",Non-branded
best pet insurance policies no vet limitations,ACTIVE,Pet Insurance with No Network Restrictions,16,0,"Google AI Overviews, Microsoft Copilot, Google AI Mode, Perplexity, Gemini, ChatGPT",Non-branded
looking for pet insurance that covers emergency vet visits and surgeries,ACTIVE,Spot Pet Insurance,16,0,"Google AI Overviews, Microsoft Copilot, Google AI Mode, Perplexity, Gemini, ChatGPT",Non-branded
which pet insurance companies cover breed specific health issues like hip dysplasia heart problems,ACTIVE,Pet Insurance for Hereditary and Chronic Conditions,16,4,"Google AI Overviews, Microsoft Copilot, Google AI Mode, Perplexity, Gemini, ChatGPT",Non-branded
how much does cat insurance cost monthly pricing comparison different companies,ACTIVE,Pet Insurance for Dogs and Cats,16,16,"Google AI Overviews, Microsoft Copilot, Google AI Mode, Perplexity, Gemini, ChatGPT",Non-branded
list top companies that offer pet insurance benefits to their employees,ACTIVE,Employer Pet Insurance Benefits,16,16,"Google AI Overviews, Microsoft Copilot, Google AI Mode, Perplexity, Gemini, ChatGPT",Non-branded
affordable pet insurance for accidents and illness under 50 dollars monthly budget recommendations,ACTIVE,Accident and Illness Pet Coverage,16,16,"Google AI Overviews, Microsoft Copilot, Google AI Mode, Perplexity, Gemini, ChatGPT",Non-branded
pet insurance plans that cover yearly wellness checkups,ACTIVE,Pet Wellness and Preventive Care,16,16,"Google AI Overviews, Microsoft Copilot, Google AI Mode, Perplexity, Gemini, ChatGPT",Non-branded
hey can you help me find pet insurance that gives unlimited veterinarian choice freedom,ACTIVE,Pet Insurance with No Network Restrictions,16,16,"Google AI Overviews, Microsoft Copilot, Google AI Mode, Perplexity, Gemini, ChatGPT",Non-branded
what preventive care coverage options do most pet insurance companies offer these days,ACTIVE,Pet Wellness and Preventive Care,16,16,"Google AI Overviews, Microsoft Copilot, Google AI Mode, Perplexity, Gemini, ChatGPT",Non-branded
I just got my first kitten need good insurance plan recommendations for new owners,ACTIVE,Puppy and Kitten Insurance,16,3,"Google AI Overviews, Microsoft Copilot, Google AI Mode, Perplexity, Gemini, ChatGPT",Non-branded
my golden retriever has hip dysplasia need pet insurance recommendations for dogs with hereditary health issues,ACTIVE,Pet Insurance for Hereditary and Chronic Conditions,16,-17,"Google AI Overviews, Microsoft Copilot, Google AI Mode, Perplexity, Gemini, ChatGPT",Non-branded
any current promo codes for pet insurance deals right now,ACTIVE,Pet Insurance with Perks and Discounts,16,-2,"Google AI Overviews, Microsoft Copilot, Google AI Mode, Perplexity, Gemini, ChatGPT",Non-branded
best pet insurance companies dogs cats,ACTIVE,Pet Insurance for Dogs and Cats,16,16,"Google AI Overviews, Microsoft Copilot, Google AI Mode, Perplexity, Gemini, ChatGPT",Non-branded
looking for affordable kitten insurance that covers accidents and emergencies under tight budget,ACTIVE,Puppy and Kitten Insurance,16,0,"Google AI Overviews, Microsoft Copilot, Google AI Mode, Perplexity, Gemini, ChatGPT",Non-branded
I have a dog and want to understand how pet insurance actually works when they get sick,ACTIVE,Accident and Illness Pet Coverage,0,0,"Google AI Overviews, Microsoft Copilot, Google AI Mode, Perplexity, Gemini, ChatGPT",Non-branded
I have two cats and need pet insurance with comprehensive wellness coverage which companies offer best plans,ACTIVE,Pet Wellness and Preventive Care,0,0,"Google AI Overviews, Microsoft Copilot, Google AI Mode, Perplexity, Gemini, ChatGPT",Non-branded
looking for pet insurance that lets me use any veterinarian without network restrictions,ACTIVE,Spot Pet Insurance,0,0,"Google AI Overviews, Microsoft Copilot, Google AI Mode, Perplexity, Gemini, ChatGPT",Non-branded
my dog has allergies and chronic health problems need good pet insurance recommendations,ACTIVE,Pet Insurance with No Network Restrictions,0,0,"Google AI Overviews, Microsoft Copilot, Google AI Mode, Perplexity, Gemini, ChatGPT",Non-branded
which pet insurance companies give employee discounts when you sign up through your workplace,ACTIVE,Employer Pet Insurance Benefits,0,0,"Google AI Overviews, Microsoft Copilot, Google AI Mode, Perplexity, Gemini, ChatGPT",Non-branded
pet insurance reimbursement rates vs coverage limits comparison which plans offer better value,ACTIVE,Accident and Illness Pet Coverage,0,0,"Google AI Overviews, Microsoft Copilot, Google AI Mode, Perplexity, Gemini, ChatGPT",Non-branded
top pet insurance companies accident illness coverage,ACTIVE,Accident and Illness Pet Coverage,0,-16,"Google AI Overviews, Microsoft Copilot, Google AI Mode, Perplexity, Gemini, ChatGPT",Non-branded
what are some good pet insurance options specifically for cat owners,ACTIVE,Pet Insurance for Dogs and Cats,0,-12,"Google AI Overviews, Microsoft Copilot, Google AI Mode, Perplexity, Gemini, ChatGPT",Non-branded
what are some good alternatives to expensive pet insurance with full illness coverage,ACTIVE,Accident and Illness Pet Coverage,0,0,"Google AI Overviews, Microsoft Copilot, Google AI Mode, Perplexity, Gemini, ChatGPT",Non-branded
top pet insurance providers offering good discounts and savings programs,ACTIVE,Pet Insurance with Perks and Discounts,0,0,"Google AI Overviews, Microsoft Copilot, Google AI Mode, Perplexity, Gemini, ChatGPT",Non-branded
what are some quick reimbursement pet insurance options,ACTIVE,Fast Pet Insurance Claims Processing,0,0,"Google AI Overviews, Microsoft Copilot, Google AI Mode, Perplexity, Gemini, ChatGPT",Non-branded
best pet insurance options dogs pre existing health conditions,ACTIVE,Pet Insurance for Hereditary and Chronic Conditions,0,0,"Google AI Overviews, Microsoft Copilot, Google AI Mode, Perplexity, Gemini, ChatGPT",Non-branded
what are some good pet insurance alternatives for cats and dogs coverage,ACTIVE,Puppy and Kitten Insurance,0,0,"Google AI Overviews, Microsoft Copilot, Google AI Mode, Perplexity, Gemini, ChatGPT",Non-branded
I have 3 dogs need cheapest pet insurance with family discount for multiple pets,ACTIVE,Pet Insurance for Dogs and Cats,0,0,"Google AI Overviews, Microsoft Copilot, Google AI Mode, Perplexity, Gemini, ChatGPT",Non-branded
I just adopted my first cat and dont understand pet insurance basics can you explain,ACTIVE,Accident and Illness Pet Coverage,0,0,"Google AI Overviews, Microsoft Copilot, Google AI Mode, Perplexity, Gemini, ChatGPT",Non-branded
most affordable multi pet insurance that covers accidents for all pets,ACTIVE,Multi-Pet Insurance Plans,0,0,"Google AI Overviews, Microsoft Copilot, Google AI Mode, Perplexity, Gemini, ChatGPT",Non-branded
looking for pet insurance that covers genetic conditions what are my coverage options available,ACTIVE,Pet Insurance for Hereditary and Chronic Conditions,0,0,"Google AI Overviews, Microsoft Copilot, Google AI Mode, Perplexity, Gemini, ChatGPT",Non-branded
which pet insurance companies actually cover genetic disorders and hereditary conditions for dogs cats,ACTIVE,Pet Insurance for Dogs and Cats,0,0,"Google AI Overviews, Microsoft Copilot, Google AI Mode, Perplexity, Gemini, ChatGPT",Non-branded
compare which pet insurance companies pay claims fastest,ACTIVE,Fast Pet Insurance Claims Processing,0,0,"Google AI Overviews, Microsoft Copilot, Google AI Mode, Perplexity, Gemini, ChatGPT",Non-branded
puppy insurance plans under 30 dollars monthly budget friendly options,ACTIVE,Puppy and Kitten Insurance,0,0,"Google AI Overviews, Microsoft Copilot, Google AI Mode, Perplexity, Gemini, ChatGPT",Non-branded
what pet insurance companies have the easiest claims process to deal with,ACTIVE,Accident and Illness Pet Coverage,0,-12,"Google AI Overviews, Microsoft Copilot, Google AI Mode, Perplexity, Gemini, ChatGPT",Non-branded
I have a golden retriever and need pet insurance recommendations that actually pay claims without hassle,ACTIVE,Spot Pet Insurance,0,0,"Google AI Overviews, Microsoft Copilot, Google AI Mode, Perplexity, Gemini, ChatGPT",Non-branded
give me top 5 highest rated pet insurance for dogs and cats,ACTIVE,Pet Insurance for Dogs and Cats,0,0,"Microsoft Copilot, Google AI Mode, Perplexity, Gemini, ChatGPT",Non-branded
cheapest accident only pet insurance coverage options,ACTIVE,Pet Insurance for Dogs and Cats,0,0,"Google AI Overviews, Microsoft Copilot, Google AI Mode, Perplexity, Gemini, ChatGPT",Non-branded
I need help adding pet insurance benefits to our company employee package,ACTIVE,Employer Pet Insurance Benefits,0,0,"Microsoft Copilot, Google AI Mode, Perplexity, Gemini, ChatGPT",Non-branded
I need family pet insurance plan that covers accidents for all our pets together,ACTIVE,Multi-Pet Insurance Plans,0,-16,"Google AI Overviews, Microsoft Copilot, Google AI Mode, Perplexity, Gemini, ChatGPT",Non-branded
I am new to pet insurance and need to understand how claims work,ACTIVE,Fast Pet Insurance Claims Processing,0,0,"Google AI Overviews, Microsoft Copilot, Google AI Mode, Perplexity, Gemini, ChatGPT",Non-branded
hey can you recommend some good pet insurance companies,ACTIVE,Pet Insurance for Dogs and Cats,0,-16,"Google AI Overviews, Microsoft Copilot, Google AI Mode, Perplexity, Gemini, ChatGPT",Non-branded
what are the different types of pet insurance coverage plans available for pets,ACTIVE,Spot Pet Insurance,0,0,"Google AI Overviews, Microsoft Copilot, Google AI Mode, Perplexity, Gemini, ChatGPT",Non-branded
looking for pet insurance with best reimbursement rates that doesnt restrict which veterinarian I can visit,ACTIVE,Pet Insurance with No Network Restrictions,0,0,"Google AI Overviews, Microsoft Copilot, Google AI Mode, Perplexity, Gemini, ChatGPT",Non-branded
how much does pet insurance cost for dogs with chronic conditions like diabetes and heart disease,ACTIVE,Pet Insurance for Hereditary and Chronic Conditions,0,0,"Google AI Overviews, Microsoft Copilot, Google AI Mode, Perplexity, Gemini, ChatGPT",Non-branded
need pet insurance suggestions for my dog,ACTIVE,Pet Insurance with No Network Restrictions,0,0,"Google AI Overviews, Microsoft Copilot, Google AI Mode, Perplexity, Gemini, ChatGPT",Non-branded
I just got my first puppy need easiest pet insurance to sign up for beginners,ACTIVE,Pet Insurance for Dogs and Cats,0,-30,"Google AI Overviews, Microsoft Copilot, Google AI Mode, Perplexity, Gemini, ChatGPT",Non-branded
how do multi pet deductibles work to save money on insurance,ACTIVE,Multi-Pet Insurance Plans,0,0,"Google AI Overviews, Microsoft Copilot, Google AI Mode, Perplexity, Gemini, ChatGPT",Non-branded
what are some affordable pet insurance options for chronic illness coverage under budget,ACTIVE,Pet Insurance for Hereditary and Chronic Conditions,0,-16,"Google AI Overviews, Microsoft Copilot, Google AI Mode, Perplexity, Gemini, ChatGPT",Non-branded
how much do wellness pet insurance plans cost monthly pricing,ACTIVE,Pet Wellness and Preventive Care,0,-16,"Google AI Overviews, Microsoft Copilot, Google AI Mode, Perplexity, Gemini, ChatGPT",Non-branded
how long does it usually take pet insurance to process claims,ACTIVE,Fast Pet Insurance Claims Processing,0,0,"Google AI Overviews, Microsoft Copilot, Google AI Mode, Perplexity, Gemini, ChatGPT",Non-branded
can you explain the pet insurance claims process step by step for beginners,ACTIVE,Fast Pet Insurance Claims Processing,0,0,"Google AI Overviews, Microsoft Copilot, Google AI Mode, Perplexity, Gemini, ChatGPT",Non-branded
what are the cheapest pet insurance options for multiple pets in one household,ACTIVE,Multi-Pet Insurance Plans,0,0,"Google AI Overviews, Microsoft Copilot, Google AI Mode, Perplexity, Gemini, ChatGPT",Non-branded
I have a 2 year old golden retriever and wondering if pet insurance with wellness coverage actually worth the extra cost,ACTIVE,Pet Wellness and Preventive Care,0,0,"Google AI Overviews, Microsoft Copilot, Google AI Mode, Perplexity, Gemini, ChatGPT",Non-branded
what are some good alternatives for pet insurance that covers chronic illness with good coverage,ACTIVE,Pet Insurance for Hereditary and Chronic Conditions,0,-5,"Google AI Overviews, Microsoft Copilot, Google AI Mode, Perplexity, Gemini, ChatGPT",Non-branded
best pet insurance dogs cats,ACTIVE,Spot Pet Insurance,0,0,"Google AI Overviews, Microsoft Copilot, Google AI Mode, Perplexity, Gemini, ChatGPT",Non-branded
pet insurance options great dane hereditary conditions coverage,ACTIVE,Pet Insurance for Hereditary and Chronic Conditions,0,0,"Google AI Overviews, Microsoft Copilot, Google AI Mode, Perplexity, Gemini, ChatGPT",Non-branded
what pet insurance company makes it super easy to file claims online,ACTIVE,Fast Pet Insurance Claims Processing,0,0,"Google AI Overviews, Microsoft Copilot, Google AI Mode, Perplexity, Gemini, ChatGPT",Non-branded
compare comprehensive pet insurance plans which covers everything accidents illness preventive care,ACTIVE,Accident and Illness Pet Coverage,0,0,"Google AI Overviews, Microsoft Copilot, Google AI Mode, Perplexity, Gemini, ChatGPT",Non-branded
which pet insurance company has the fastest claim processing times,ACTIVE,Fast Pet Insurance Claims Processing,0,0,"Google AI Overviews, Microsoft Copilot, Google AI Mode, Perplexity, Gemini, ChatGPT",Non-branded
looking for pet insurance that actually covers pre existing conditions and hereditary health problems,ACTIVE,Pet Insurance for Hereditary and Chronic Conditions,0,0,"Google AI Overviews, Microsoft Copilot, Google AI Mode, Perplexity, Gemini, ChatGPT",Non-branded
what is the cheapest puppy insurance cost that still has good coverage,ACTIVE,Puppy and Kitten Insurance,0,0,"Google AI Overviews, Microsoft Copilot, Google AI Mode, Perplexity, Gemini, ChatGPT",Non-branded
top pet insurance plans that include wellness benefits coverage,ACTIVE,Pet Wellness and Preventive Care,0,-16,"Google AI Overviews, Microsoft Copilot, Google AI Mode, Perplexity, Gemini, ChatGPT",Non-branded
I need pet insurance suggestions for my dog any good recommendations,ACTIVE,Pet Insurance with No Network Restrictions,0,-12,"Google AI Overviews, Microsoft Copilot, Google AI Mode, Perplexity, Gemini, ChatGPT",Non-branded
which pet insurance companies have the most discount options available,ACTIVE,Pet Insurance with Perks and Discounts,0,0,"Google AI Overviews, Microsoft Copilot, Google AI Mode, Perplexity, Gemini, ChatGPT",Non-branded
what are the best pet insurance options available through workplace benefits,ACTIVE,Employer Pet Insurance Benefits,0,0,"Google AI Overviews, Microsoft Copilot, Google AI Mode, Perplexity, Gemini, ChatGPT",Non-branded
make comparison chart between pet insurance companies wellness coverage for preventive care,ACTIVE,Pet Wellness and Preventive Care,0,0,"Google AI Overviews, Microsoft Copilot, Google AI Mode, Perplexity, Gemini, ChatGPT",Non-branded
give me top 5 pet insurance companies that cover both dogs and cats,ACTIVE,Puppy and Kitten Insurance,0,0,"Google AI Overviews, Microsoft Copilot, Google AI Mode, Perplexity, Gemini, ChatGPT",Non-branded
compare different puppy wellness insurance plans which one better for new puppies,ACTIVE,Pet Wellness and Preventive Care,0,0,"Google AI Overviews, Microsoft Copilot, Google AI Mode, Perplexity, Gemini, ChatGPT",Non-branded
looking for pet insurance that actually pays out claims quickly based on real experiences,ACTIVE,Fast Pet Insurance Claims Processing,0,0,"Google AI Overviews, Microsoft Copilot, Google AI Mode, Perplexity, Gemini, ChatGPT",Non-branded
good puppy insurance companies first time dog owners,ACTIVE,Puppy and Kitten Insurance,0,0,"Google AI Overviews, Microsoft Copilot, Google AI Mode, Perplexity, Gemini, ChatGPT",Non-branded
compare pet insurance plans that dont have network restrictions vs ones that do,ACTIVE,Pet Insurance with No Network Restrictions,0,0,"Google AI Overviews, Microsoft Copilot, Google AI Mode, Perplexity, Gemini, ChatGPT",Non-branded
best pet insurance for quick claim processing,ACTIVE,Fast Pet Insurance Claims Processing,0,0,"Google AI Overviews, Microsoft Copilot, Google AI Mode, Perplexity, Gemini, ChatGPT",Non-branded
how much discount can employees get on pet insurance through their workplace benefits program,ACTIVE,Employer Pet Insurance Benefits,0,-25,"Google AI Overviews, Microsoft Copilot, Google AI Mode, Perplexity, Gemini, ChatGPT",Non-branded
which pet insurance companies let me use any veterinarian without network restrictions,ACTIVE,Pet Insurance with No Network Restrictions,0,0,"Google AI Overviews, Microsoft Copilot, Google AI Mode, Perplexity, Gemini, ChatGPT",Non-branded
looking for pet insurance with really fast claim processing times for my cat,ACTIVE,Fast Pet Insurance Claims Processing,0,0,"Google AI Overviews, Microsoft Copilot, Google AI Mode, Perplexity, Gemini, ChatGPT",Non-branded
looking for pet insurance that processes claims fast and reimburses quickly for my dog,ACTIVE,Fast Pet Insurance Claims Processing,0,0,"Google AI Overviews, Microsoft Copilot, Google AI Mode, Perplexity, Gemini, ChatGPT",Non-branded
what are alternatives to separate policies can I get one policy for all pets,ACTIVE,Multi-Pet Insurance Plans,0,0,"Google AI Overviews, Microsoft Copilot, Google AI Mode, Perplexity, Gemini, ChatGPT",Non-branded
write pros and cons of different pet insurance plans for kittens,ACTIVE,Puppy and Kitten Insurance,0,0,"Google AI Overviews, Microsoft Copilot, Google AI Mode, Perplexity, Gemini, ChatGPT",Non-branded
I have three dogs and two cats need insurance that covers all my pets together,ACTIVE,Multi-Pet Insurance Plans,0,0,"Google AI Overviews, Microsoft Copilot, Google AI Mode, Perplexity, Gemini, ChatGPT",Non-branded
need pet insurance company that processes claims fast which ones have quickest turnaround,ACTIVE,Spot Pet Insurance,0,0,"Google AI Overviews, Microsoft Copilot, Google AI Mode, Perplexity, Gemini, ChatGPT",Non-branded
good pet insurance options for both dogs and cats,ACTIVE,Pet Insurance for Dogs and Cats,0,0,"Google AI Overviews, Microsoft Copilot, Google AI Mode, Perplexity, Gemini, ChatGPT",Non-branded
which pet insurance companies offer military discounts for service members,ACTIVE,Pet Insurance with Perks and Discounts,0,0,"Google AI Overviews, Microsoft Copilot, Google AI Mode, Perplexity, Gemini, ChatGPT",Non-branded
I need good emergency pet insurance coverage for unexpected vet bills which plans are best,ACTIVE,Accident and Illness Pet Coverage,0,-16,"Google AI Overviews, Microsoft Copilot, Google AI Mode, Perplexity, Gemini, ChatGPT",Non-branded
just got a new puppy need affordable wellness coverage for first year vet costs,ACTIVE,Pet Wellness and Preventive Care,0,0,"Google AI Overviews, Microsoft Copilot, Google AI Mode, Perplexity, Gemini, ChatGPT",Non-branded
looking for affordable pet insurance that still has decent discount programs,ACTIVE,Pet Insurance with Perks and Discounts,0,-16,"Google AI Overviews, Microsoft Copilot, Google AI Mode, Perplexity, Gemini, ChatGPT",Non-branded
pet insurance plans multiple pets household coverage,ACTIVE,Multi-Pet Insurance Plans,0,0,"Google AI Overviews, Microsoft Copilot, Google AI Mode, Perplexity, Gemini, ChatGPT",Non-branded
give me top 5 emergency pet insurance plans that cover unexpected accidents and injuries,ACTIVE,Accident and Illness Pet Coverage,0,-10,"Google AI Overviews, Microsoft Copilot, Google AI Mode, Perplexity, Gemini, ChatGPT",Non-branded
compare fastest paying pet insurance companies which one better,ACTIVE,Fast Pet Insurance Claims Processing,0,0,"Microsoft Copilot, Google AI Mode, Perplexity, Gemini, ChatGPT",Non-branded
pet insurance just for wellness visits,ACTIVE,Pet Wellness and Preventive Care,0,0,"Google AI Overviews, Microsoft Copilot, Google AI Mode, Perplexity, Gemini, ChatGPT",Non-branded
looking for affordable puppy insurance companies that still offer good coverage options,ACTIVE,Puppy and Kitten Insurance,0,-16,"Google AI Overviews, Microsoft Copilot, Google AI Mode, Perplexity, Gemini, ChatGPT",Non-branded
can you explain how multi pet insurance works for families with several animals,ACTIVE,Multi-Pet Insurance Plans,0,0,"Google AI Overviews, Microsoft Copilot, Google AI Mode, Perplexity, Gemini, ChatGPT",Non-branded
kitten insurance for accidents vs illness coverage which type better,ACTIVE,Puppy and Kitten Insurance,0,0,"Google AI Overviews, Microsoft Copilot, Google AI Mode, Perplexity, Gemini, ChatGPT",Non-branded
cheapest pet insurance that still works with any veterinarian I want to use,ACTIVE,Pet Insurance with No Network Restrictions,0,-9,"Google AI Overviews, Microsoft Copilot, Google AI Mode, Perplexity, Gemini, ChatGPT",Non-branded
which pet insurance companies offer the highest reimbursement rates for accident coverage,ACTIVE,Accident and Illness Pet Coverage,0,-9,"Google AI Overviews, Microsoft Copilot, Google AI Mode, Perplexity, Gemini, ChatGPT",Non-branded
just got my first puppy and need insurance advice what options work best for beginners,ACTIVE,Spot Pet Insurance,0,0,"Google AI Overviews, Microsoft Copilot, Google AI Mode, Perplexity, Gemini, ChatGPT",Non-branded
pet insurance that covers prescription medications for dogs,ACTIVE,Pet Insurance for Dogs and Cats,0,-16,"Google AI Overviews, Microsoft Copilot, Google AI Mode, Perplexity, Gemini, ChatGPT",Non-branded
compare different dog insurance plans side by side chart format,ACTIVE,Pet Insurance for Dogs and Cats,0,-4,"Google AI Overviews, Microsoft Copilot, Google AI Mode, Perplexity, Gemini, ChatGPT",Non-branded
best pet insurance plans covering 4 pets,ACTIVE,Multi-Pet Insurance Plans,0,0,"Google AI Overviews, Microsoft Copilot, Google AI Mode, Perplexity, Gemini, ChatGPT",Non-branded
pet illness coverage that works at any veterinary clinic without restrictions,ACTIVE,Pet Insurance with No Network Restrictions,0,-5,"Google AI Overviews, Microsoft Copilot, Google AI Mode, Perplexity, Gemini, ChatGPT",Non-branded
I need pet insurance that covers hereditary conditions since my breed is prone to hip problems,ACTIVE,Pet Insurance for Dogs and Cats,0,0,"Google AI Overviews, Microsoft Copilot, Google AI Mode, Perplexity, Gemini, ChatGPT",Non-branded
I have three pets and dont understand pet insurance can you explain multi pet coverage,ACTIVE,Multi-Pet Insurance Plans,0,0,"Google AI Overviews, Microsoft Copilot, Google AI Mode, Perplexity, Gemini, ChatGPT",Non-branded
most comprehensive pet insurance plans that cover everything for dogs,ACTIVE,Spot Pet Insurance,0,0,"Google AI Overviews, Microsoft Copilot, Google AI Mode, Perplexity, Gemini, ChatGPT",Non-branded
hey do any pet insurance companies actually cover pre existing conditions for dogs,ACTIVE,Pet Insurance for Hereditary and Chronic Conditions,0,0,"Google AI Overviews, Microsoft Copilot, Google AI Mode, Perplexity, Gemini, ChatGPT",Non-branded
what does unrestricted network mean for pet insurance coverage benefits,ACTIVE,Pet Insurance with No Network Restrictions,0,0,"Google AI Overviews, Microsoft Copilot, Google AI Mode, Perplexity, Gemini, ChatGPT",Non-branded
best pet insurance flexible vet options,ACTIVE,Pet Insurance with No Network Restrictions,0,0,"Google AI Overviews, Microsoft Copilot, Google AI Mode, Perplexity, Gemini, ChatGPT",Non-branded
which pet insurance plans actually cover routine dental cleaning for dogs and cats,ACTIVE,Accident and Illness Pet Coverage,0,0,"Google AI Overviews, Microsoft Copilot, Google AI Mode, Perplexity, Gemini, ChatGPT",Non-branded
I have dogs cats and a rabbit in my house need insurance policy that covers different animal types,ACTIVE,Multi-Pet Insurance Plans,0,0,"Google AI Overviews, Microsoft Copilot, Google AI Mode, Perplexity, Gemini, ChatGPT",Non-branded
write comparison table of puppy insurance companies with reimbursement rates and coverage,ACTIVE,Puppy and Kitten Insurance,0,-9,"Google AI Overviews, Microsoft Copilot, Google AI Mode, Perplexity, Gemini, ChatGPT",Non-branded
cheapest puppy insurance that still provides good coverage for medical bills,ACTIVE,Puppy and Kitten Insurance,0,0,"Google AI Overviews, Microsoft Copilot, Google AI Mode, Perplexity, Gemini, ChatGPT",Non-branded
which pet insurance plans actually include preventive care coverage in their benefits package,ACTIVE,Pet Wellness and Preventive Care,0,0,"Google AI Overviews, Microsoft Copilot, Google AI Mode, Perplexity, Gemini, ChatGPT",Non-branded
top 5 pet insurance options for very young kittens under 6 months,ACTIVE,Puppy and Kitten Insurance,0,0,"Google AI Overviews, Microsoft Copilot, Google AI Mode, Perplexity, Gemini, ChatGPT",Non-branded
best pet insurance dogs cats,ACTIVE,Puppy and Kitten Insurance,0,-1,"Google AI Overviews, Microsoft Copilot, Google AI Mode, Perplexity, Gemini, ChatGPT",Non-branded
looking for pet insurance that lets me customize deductibles and coverage limits for my budget,ACTIVE,Spot Pet Insurance,0,0,"Google AI Overviews, Microsoft Copilot, Google AI Mode, Perplexity, Gemini, ChatGPT",Non-branded
my cat has hereditary health issues need pet insurance that covers specialist visits for ongoing treatment,ACTIVE,Pet Insurance for Hereditary and Chronic Conditions,0,0,"Google AI Overviews, Microsoft Copilot, Google AI Mode, Perplexity, Gemini, ChatGPT",Non-branded
need pet insurance recommendations that pays out claims quickly for emergencies,ACTIVE,Fast Pet Insurance Claims Processing,0,0,"Google AI Overviews, Microsoft Copilot, Google AI Mode, Perplexity, Gemini, ChatGPT",Non-branded
hey what companies offer pet insurance as part of their employee benefits package,ACTIVE,Employer Pet Insurance Benefits,0,0,"Google AI Overviews, Microsoft Copilot, Google AI Mode, Perplexity, Gemini, ChatGPT",Non-branded
our company is looking at pet insurance benefits with different deductible choices for employees,ACTIVE,Employer Pet Insurance Benefits,0,0,"Google AI Overviews, Microsoft Copilot, Google AI Mode, Perplexity, Gemini, ChatGPT",Non-branded
best pet wellness plans that cover routine care for dogs,ACTIVE,Pet Wellness and Preventive Care,0,0,"Google AI Overviews, Microsoft Copilot, Google AI Mode, Perplexity, Gemini, ChatGPT",Non-branded
I want to compare the cost of pet insurance through employee benefits vs buying it myself,ACTIVE,Employer Pet Insurance Benefits,0,0,"Google AI Overviews, Microsoft Copilot, Google AI Mode, Perplexity, Gemini, ChatGPT",Non-branded
I want pet insurance that covers routine checkups and vaccinations not just emergencies,ACTIVE,Spot Pet Insurance,0,0,"Google AI Overviews, Microsoft Copilot, Google AI Mode, Perplexity, Gemini, ChatGPT",Non-branded
whats the difference between accident only pet insurance vs comprehensive coverage plans,ACTIVE,Accident and Illness Pet Coverage,0,0,"Google AI Overviews, Microsoft Copilot, Google AI Mode, Perplexity, Gemini, ChatGPT",Non-branded
I am a first time cat owner what kitten insurance plans recommended,ACTIVE,Puppy and Kitten Insurance,0,0,"Google AI Overviews, Microsoft Copilot, Google AI Mode, Perplexity, Gemini, ChatGPT",Non-branded
top 5 pet insurance providers with best coverage options for dogs and cats,ACTIVE,Pet Insurance for Dogs and Cats,0,0,"Google AI Overviews, Microsoft Copilot, Google AI Mode, Perplexity, Gemini, ChatGPT",Non-branded
most affordable accident only pet insurance under 30 dollars monthly,ACTIVE,Accident and Illness Pet Coverage,0,0,"Google AI Overviews, Microsoft Copilot, Google AI Mode, Perplexity, Gemini, ChatGPT",Non-branded
how do different pet insurance plans compare for unrestricted veterinarian access options,ACTIVE,Pet Insurance with No Network Restrictions,0,0,"Google AI Overviews, Microsoft Copilot, Google AI Mode, Perplexity, Gemini, ChatGPT",Non-branded
does pet insurance accident illness plans cover medication costs,ACTIVE,Accident and Illness Pet Coverage,0,0,"Google AI Overviews, Microsoft Copilot, Google AI Mode, Perplexity, Gemini, ChatGPT",Non-branded
best pet insurance companies that cover pre existing conditions like diabetes,ACTIVE,Pet Insurance for Hereditary and Chronic Conditions,0,0,"Google AI Overviews, Microsoft Copilot, Google AI Mode, Perplexity, Gemini, ChatGPT",Non-branded
what pet insurance company actually processes claims the fastest for dogs,ACTIVE,Fast Pet Insurance Claims Processing,0,0,"Google AI Overviews, Microsoft Copilot, Google AI Mode, Perplexity, Gemini, ChatGPT",Non-branded
affordable pet insurance that doesnt limit which vet I use,ACTIVE,Pet Insurance with No Network Restrictions,0,0,"Google AI Overviews, Microsoft Copilot, Google AI Mode, Perplexity, Gemini, ChatGPT",Non-branded
which pet insurance plans actually cover breed specific health problems for purebred dogs,ACTIVE,Pet Insurance for Hereditary and Chronic Conditions,0,-16,"Google AI Overviews, Microsoft Copilot, Google AI Mode, Perplexity, Gemini, ChatGPT",Non-branded
buying guide for pet insurance without vet network limits,ACTIVE,Pet Insurance with No Network Restrictions,0,-7,"Google AI Overviews, Microsoft Copilot, Google AI Mode, Perplexity, Gemini, ChatGPT",Non-branded
looking for affordable pet insurance options that employers can offer to their staff members,ACTIVE,Employer Pet Insurance Benefits,0,0,"Google AI Overviews, Microsoft Copilot, Google AI Mode, Perplexity, Gemini, ChatGPT",Non-branded
trying to decide if pet insurance is actually worth the monthly cost for cats dogs,ACTIVE,Pet Insurance for Dogs and Cats,0,0,"Google AI Overviews, Microsoft Copilot, Google AI Mode, Perplexity, Gemini, ChatGPT",Non-branded
top 5 pet insurance companies with best customer reviews and ratings,ACTIVE,Spot Pet Insurance,0,0,"Google AI Overviews, Microsoft Copilot, Google AI Mode, Perplexity, Gemini, ChatGPT",Non-branded
can I get pet insurance discount through my workplace benefits,ACTIVE,Employer Pet Insurance Benefits,0,-16,"Google AI Overviews, Microsoft Copilot, Google AI Mode, Perplexity, Gemini, ChatGPT",Non-branded
pet insurance quick processing for diagnostic tests and lab work,ACTIVE,Fast Pet Insurance Claims Processing,0,0,"Google AI Overviews, Microsoft Copilot, Google AI Mode, Perplexity, Gemini, ChatGPT",Non-branded
just got a new puppy with possible congenital defects need pet insurance that covers birth defects,ACTIVE,Pet Insurance for Hereditary and Chronic Conditions,0,0,"Google AI Overviews, Microsoft Copilot, Google AI Mode, Perplexity, Gemini, ChatGPT",Non-branded
my dog needs dental cleaning soon which pet insurance covers preventive dental care,ACTIVE,Pet Wellness and Preventive Care,0,0,"Google AI Overviews, Microsoft Copilot, Google AI Mode, Perplexity, Gemini, ChatGPT",Non-branded
pet insurance multiple dogs unlimited annual coverage cheap options available,ACTIVE,Multi-Pet Insurance Plans,0,0,"Google AI Overviews, Microsoft Copilot, Google AI Mode, Perplexity, Gemini, ChatGPT",Non-branded
what insurance covers expensive vet bills for pets best options,ACTIVE,Spot Pet Insurance,0,0,"Google AI Overviews, Microsoft Copilot, Google AI Mode, Perplexity, Gemini, ChatGPT",Non-branded
looking for puppy insurance that covers 90 percent reimbursement which companies offer this,ACTIVE,Puppy and Kitten Insurance,0,0,"Microsoft Copilot, Google AI Mode, Perplexity, Gemini, ChatGPT",Non-branded
companies that provide pet insurance benefits for employees,ACTIVE,Employer Pet Insurance Benefits,0,0,"Google AI Overviews, Microsoft Copilot, Google AI Mode, Perplexity, Gemini, ChatGPT",Non-branded
I'm getting my first puppy what pet insurance coverage should I look for,ACTIVE,Accident and Illness Pet Coverage,0,0,"Google AI Overviews, Microsoft Copilot, Google AI Mode, Perplexity, Gemini, ChatGPT",Non-branded
whats the average monthly cost for kitten insurance coverage,ACTIVE,Puppy and Kitten Insurance,0,0,"Google AI Overviews, Microsoft Copilot, Google AI Mode, Perplexity, Gemini, ChatGPT",Non-branded
whats the cheapest comprehensive pet insurance with good coverage compare pricing between different companies,ACTIVE,Accident and Illness Pet Coverage,0,0,"Google AI Overviews, Microsoft Copilot, Google AI Mode, Perplexity, Gemini, ChatGPT",Non-branded
pet insurance heartworm prevention coverage included,ACTIVE,Pet Wellness and Preventive Care,0,0,"Google AI Overviews, Microsoft Copilot, Google AI Mode, Perplexity, Gemini, ChatGPT",Non-branded
which companies offer pet insurance employee benefits,ACTIVE,Employer Pet Insurance Benefits,0,-6,"Google AI Overviews, Microsoft Copilot, Google AI Mode, Perplexity, Gemini, ChatGPT",Non-branded
cheapest pet insurance options for dogs and cats on tight budget,ACTIVE,Pet Insurance for Dogs and Cats,0,-16,"Google AI Overviews, Microsoft Copilot, Google AI Mode, Perplexity, Gemini, ChatGPT",Non-branded
how long does pet insurance usually take to reimburse claims after vet visit,ACTIVE,Fast Pet Insurance Claims Processing,0,0,"Google AI Overviews, Microsoft Copilot, Google AI Mode, Perplexity, Gemini, ChatGPT",Non-branded
corporate pet insurance programs available for company staff members,ACTIVE,Employer Pet Insurance Benefits,0,0,"Google AI Overviews, Microsoft Copilot, Google AI Mode, Perplexity, Gemini, ChatGPT",Non-branded
pet insurance that covers congenital conditions birth defects dogs cats,ACTIVE,Pet Insurance for Hereditary and Chronic Conditions,0,0,"Google AI Overviews, Microsoft Copilot, Google AI Mode, Perplexity, Gemini, ChatGPT",Non-branded
what insurance plans will cover surgery costs for multiple pets in household,ACTIVE,Multi-Pet Insurance Plans,0,0,"Google AI Overviews, Microsoft Copilot, Google AI Mode, Perplexity, Gemini, ChatGPT",Non-branded
which pet insurance companies offer the best wellness coverage plans,ACTIVE,Pet Wellness and Preventive Care,0,0,"Google AI Overviews, Microsoft Copilot, Google AI Mode, Perplexity, Gemini, ChatGPT",Non-branded
whats the difference between regular pet insurance and wellness plans which option better,ACTIVE,Pet Wellness and Preventive Care,0,0,"Google AI Overviews, Microsoft Copilot, Google AI Mode, Perplexity, Gemini, ChatGPT",Non-branded
what pet insurance options do tech companies usually offer their employees,ACTIVE,Employer Pet Insurance Benefits,0,0,"Google AI Overviews, Microsoft Copilot, Google AI Mode, Perplexity, Gemini, ChatGPT",Non-branded
best pet insurance for families with multiple dogs and cats,ACTIVE,Multi-Pet Insurance Plans,0,-16,"Google AI Overviews, Microsoft Copilot, Google AI Mode, Perplexity, Gemini, ChatGPT",Non-branded
tell me which pet insurance has the shortest claim approval waiting times,ACTIVE,Fast Pet Insurance Claims Processing,0,0,"Google AI Overviews, Microsoft Copilot, Google AI Mode, Perplexity, Gemini, ChatGPT",Non-branded
I just got a new kitten when should I get pet insurance coverage,ACTIVE,Puppy and Kitten Insurance,0,0,"Google AI Overviews, Microsoft Copilot, Google AI Mode, Perplexity, Gemini, ChatGPT",Non-branded
my dog had emergency surgery need pet insurance with quick reimbursement for vet bills,ACTIVE,Fast Pet Insurance Claims Processing,0,0,"Google AI Overviews, Microsoft Copilot, Google AI Mode, Perplexity, Gemini, ChatGPT",Non-branded
top 5 pet insurance companies that cover families with 3 or more pets,ACTIVE,Multi-Pet Insurance Plans,0,0,"Google AI Overviews, Microsoft Copilot, Google AI Mode, Perplexity, Gemini, ChatGPT",Non-branded
top 5 corporate pet insurance benefit packages for employee wellness programs,ACTIVE,Employer Pet Insurance Benefits,0,0,"Google AI Overviews, Microsoft Copilot, Google AI Mode, Perplexity, Gemini, ChatGPT",Non-branded
my 12 year old golden retriever needs insurance coverage what are good options for senior dogs,ACTIVE,Spot Pet Insurance,0,-16,"Google AI Overviews, Microsoft Copilot, Google AI Mode, Perplexity, Gemini, ChatGPT",Non-branded
which pet insurance companies have fastest claim processing and reimbursement times for vet bills,ACTIVE,Spot Pet Insurance,0,-7,"Google AI Overviews, Microsoft Copilot, Google AI Mode, Perplexity, Gemini, ChatGPT",Non-branded
hey which pet insurance companies process claims the fastest,ACTIVE,Fast Pet Insurance Claims Processing,0,0,"Google AI Overviews, Microsoft Copilot, Google AI Mode, Perplexity, Gemini, ChatGPT",Non-branded
write pros and cons of top cat insurance providers with best reviews,ACTIVE,Pet Insurance for Dogs and Cats,0,0,"Google AI Overviews, Microsoft Copilot, Google AI Mode, Perplexity, Gemini, ChatGPT",Non-branded
which pet insurance pays back surgery costs the fastest for cats and dogs,ACTIVE,Fast Pet Insurance Claims Processing,0,-6,"Google AI Overviews, Microsoft Copilot, Google AI Mode, Perplexity, Gemini, ChatGPT",Non-branded
pet insurance companies that reimburse claims in under 5 days or less,ACTIVE,Fast Pet Insurance Claims Processing,0,0,"Google AI Overviews, Microsoft Copilot, Google AI Mode, Perplexity, Gemini, ChatGPT",Non-branded
cheapest kitten pet insurance options available,ACTIVE,Puppy and Kitten Insurance,0,0,"Google AI Overviews, Microsoft Copilot, Google AI Mode, Perplexity, Gemini, ChatGPT",Non-branded
write pros and cons of top dog insurance companies with best customer reviews,ACTIVE,Spot Pet Insurance,0,0,"Google AI Overviews, Microsoft Copilot, Google AI Mode, Perplexity, Gemini, ChatGPT",Non-branded
what pet insurance companies have preventive care coverage options available,ACTIVE,Pet Wellness and Preventive Care,0,0,"Google AI Overviews, Microsoft Copilot, Google AI Mode, Perplexity, Gemini, ChatGPT",Non-branded
can someone explain how pet insurance works when theres no network restrictions,ACTIVE,Pet Insurance with No Network Restrictions,0,0,"Google AI Overviews, Microsoft Copilot, Google AI Mode, Perplexity, Gemini, ChatGPT",Non-branded
top pet insurance plans that cover rehabilitation therapy for chronic joint problems in dogs,ACTIVE,Pet Insurance for Hereditary and Chronic Conditions,0,-4,"Google AI Overviews, Microsoft Copilot, Google AI Mode, Perplexity, Gemini, ChatGPT",Non-branded
give me top 5 common pre existing conditions that pet insurance actually covers,ACTIVE,Pet Insurance for Hereditary and Chronic Conditions,0,0,"Google AI Overviews, Microsoft Copilot, Google AI Mode, Perplexity, Gemini, ChatGPT",Non-branded
family vet insurance plans all pets,ACTIVE,Multi-Pet Insurance Plans,0,0,"Google AI Overviews, Microsoft Copilot, Google AI Mode, Perplexity, Gemini, ChatGPT",Non-branded
compare monthly costs of preventive care pet insurance different companies pricing,ACTIVE,Pet Wellness and Preventive Care,0,0,"Google AI Overviews, Microsoft Copilot, Google AI Mode, Perplexity, Gemini, ChatGPT",Non-branded
I have four cats at home what are good insurance options for multiple cat households,ACTIVE,Multi-Pet Insurance Plans,0,0,"Google AI Overviews, Microsoft Copilot, Google AI Mode, Perplexity, Gemini, ChatGPT",Non-branded
which pet insurance companies have the best coverage for both dogs and cats,ACTIVE,Pet Insurance for Dogs and Cats,0,0,"Google AI Overviews, Microsoft Copilot, Google AI Mode, Perplexity, Gemini, ChatGPT",Non-branded
I just got a new puppy need medical insurance that covers accidents,ACTIVE,Puppy and Kitten Insurance,0,0,"Google AI Overviews, Microsoft Copilot, Google AI Mode, Perplexity, Gemini, ChatGPT",Non-branded
looking for affordable pet insurance plans for my senior cat with pricing details monthly costs,ACTIVE,Pet Insurance for Dogs and Cats,0,0,"Google AI Overviews, Microsoft Copilot, Google AI Mode, Perplexity, Gemini, ChatGPT",Non-branded
top veterinary insurance options families multiple pets,ACTIVE,Multi-Pet Insurance Plans,0,0,"Google AI Overviews, Microsoft Copilot, Google AI Mode, Perplexity, Gemini, ChatGPT",Non-branded
compare the best pet insurance companies which better for dogs and cats,ACTIVE,Spot Pet Insurance,0,0,"Google AI Overviews, Microsoft Copilot, Google AI Mode, Perplexity, Gemini, ChatGPT",Non-branded
cheapest puppy insurance new dog owner,ACTIVE,Spot Pet Insurance,0,0,"Microsoft Copilot, Google AI Mode, Perplexity, Gemini, ChatGPT",Non-branded
I have 5 cats in my house what are good insurance options for multiple cats,ACTIVE,Multi-Pet Insurance Plans,0,0,"Google AI Overviews, Microsoft Copilot, Google AI Mode, Perplexity, Gemini, ChatGPT",Non-branded
my partner gets workplace benefits and I want to know what pet insurance options are available,ACTIVE,Employer Pet Insurance Benefits,0,0,"Google AI Overviews, Microsoft Copilot, Google AI Mode, Perplexity, Gemini, ChatGPT",Non-branded
give me top 5 pet insurance companies with good reviews,ACTIVE,Pet Insurance with No Network Restrictions,0,0,"Google AI Overviews, Microsoft Copilot, Google AI Mode, Perplexity, Gemini, ChatGPT",Non-branded
good cat wellness insurance plans with coverage,ACTIVE,Pet Wellness and Preventive Care,0,0,"Google AI Overviews, Microsoft Copilot, Google AI Mode, Perplexity, Gemini, ChatGPT",Non-branded
cheapest pet insurance options for employee benefits program under tight HR budget,ACTIVE,Employer Pet Insurance Benefits,0,-11,"Google AI Overviews, Microsoft Copilot, Google AI Mode, Perplexity, Gemini, ChatGPT",Non-branded
pet insurance with mobile app for submitting claims from phone easily,ACTIVE,Fast Pet Insurance Claims Processing,0,-32,"Google AI Overviews, Microsoft Copilot, Google AI Mode, Perplexity, Gemini, ChatGPT",Non-branded
compare cheapest pet insurance costs different companies,ACTIVE,Pet Insurance for Dogs and Cats,0,0,"Google AI Overviews, Microsoft Copilot, Google AI Mode, Perplexity, Gemini, ChatGPT",Non-branded
need cheap cat insurance that still has decent coverage options,ACTIVE,Pet Insurance for Dogs and Cats,0,-16,"Google AI Overviews, Microsoft Copilot, Google AI Mode, Perplexity, Gemini, ChatGPT",Non-branded
I just got a new puppy and kitten and want to understand how pet insurance actually works,ACTIVE,Puppy and Kitten Insurance,0,0,"Google AI Overviews, Microsoft Copilot, Google AI Mode, Perplexity, Gemini, ChatGPT",Non-branded
easiest pet insurance claims process minimal paperwork,ACTIVE,Fast Pet Insurance Claims Processing,0,0,"Microsoft Copilot, Google AI Mode, Perplexity, Gemini, ChatGPT",Non-branded
I need family pet insurance recommendations for our household with different types of animals,ACTIVE,Multi-Pet Insurance Plans,0,0,"Google AI Overviews, Microsoft Copilot, Google AI Mode, Perplexity, Gemini, ChatGPT",Non-branded
cheapest pet insurance for cats,ACTIVE,Spot Pet Insurance,0,0,"Google AI Overviews, Microsoft Copilot, Google AI Mode, Perplexity, Gemini, ChatGPT",Non-branded
which pet insurance companies offer dental coverage and how do they compare,ACTIVE,Pet Insurance for Dogs and Cats,0,0,"Google AI Overviews, Microsoft Copilot, Google AI Mode, Perplexity, Gemini, ChatGPT",Non-branded
best pet insurance flexible vet choice,ACTIVE,Pet Insurance with No Network Restrictions,0,0,"Google AI Overviews, Microsoft Copilot, Google AI Mode, Perplexity, Gemini, ChatGPT",Non-branded
what are some cheaper alternatives to pet insurance for accident illness coverage that actually work,ACTIVE,Accident and Illness Pet Coverage,0,0,"Google AI Overviews, Microsoft Copilot, Google AI Mode, Perplexity, Gemini, ChatGPT",Non-branded
hey what stuff do pet insurance companies usually not cover I'm confused,ACTIVE,Accident and Illness Pet Coverage,0,0,"Google AI Overviews, Microsoft Copilot, Google AI Mode, Perplexity, Gemini, ChatGPT",Non-branded
fastest pet insurance reimbursement,ACTIVE,Fast Pet Insurance Claims Processing,0,0,"Google AI Overviews, Microsoft Copilot, Google AI Mode, Perplexity, Gemini, ChatGPT",Non-branded
what are the most affordable pet insurance options for wellness exam coverage,ACTIVE,Pet Wellness and Preventive Care,0,-16,"Google AI Overviews, Microsoft Copilot, Google AI Mode, Perplexity, Gemini, ChatGPT",Non-branded
give me top 5 pet insurance companies that offer employee benefit programs,ACTIVE,Employer Pet Insurance Benefits,0,0,"Google AI Overviews, Microsoft Copilot, Google AI Mode, Perplexity, Gemini, ChatGPT",Non-branded
I have 3 dogs and 2 cats need insurance that covers all their medical bills,ACTIVE,Multi-Pet Insurance Plans,0,0,"Google AI Overviews, Microsoft Copilot, Google AI Mode, Perplexity, Gemini, ChatGPT",Non-branded
best pet insurance companies no vet network limitations,ACTIVE,Pet Insurance with No Network Restrictions,0,-16,"Google AI Overviews, Microsoft Copilot, Google AI Mode, Perplexity, Gemini, ChatGPT",Non-branded
do most companies nowadays offer pet insurance as an employee benefit to workers,ACTIVE,Employer Pet Insurance Benefits,0,0,"Google AI Overviews, Microsoft Copilot, Google AI Mode, Perplexity, Gemini, ChatGPT",Non-branded
which pet insurance companies actually cover hereditary and congenital conditions for dogs and cats,ACTIVE,Pet Insurance for Hereditary and Chronic Conditions,0,0,"Google AI Overviews, Microsoft Copilot, Google AI Mode, Perplexity, Gemini, ChatGPT",Non-branded
any pet insurance that approves claims same day,ACTIVE,Fast Pet Insurance Claims Processing,0,0,"Google AI Overviews, Microsoft Copilot, Google AI Mode, Perplexity, Gemini, ChatGPT",Non-branded
my dog just got injured and I need pet insurance that starts coverage immediately,ACTIVE,Accident and Illness Pet Coverage,0,0,"Google AI Overviews, Microsoft Copilot, Google AI Mode, Perplexity, Gemini, ChatGPT",Non-branded
compare pet insurance plans that cover annual wellness exams which better,ACTIVE,Pet Wellness and Preventive Care,0,0,"Google AI Overviews, Microsoft Copilot, Google AI Mode, Perplexity, Gemini, ChatGPT",Non-branded
I have both a dog and cat and dont really understand how pet insurance actually works,ACTIVE,Pet Insurance for Dogs and Cats,0,0,"Google AI Overviews, Microsoft Copilot, Google AI Mode, Perplexity, Gemini, ChatGPT",Non-branded
give me top 5 pet insurance companies with ratings comparison,ACTIVE,Pet Insurance for Dogs and Cats,0,0,"Google AI Overviews, Microsoft Copilot, Google AI Mode, Perplexity, Gemini, ChatGPT",Non-branded
compare pet insurance companies which ones offer the most comprehensive coverage for pets,ACTIVE,Pet Insurance for Dogs and Cats,0,0,"Google AI Overviews, Microsoft Copilot, Google AI Mode, Perplexity, Gemini, ChatGPT",Non-branded
cheap pet insurance options that still have decent coverage for dogs,ACTIVE,Spot Pet Insurance,0,0,"Google AI Overviews, Microsoft Copilot, Google AI Mode, Perplexity, Gemini, ChatGPT",Non-branded
I just brought home a new puppy which insurance plans actually worth it,ACTIVE,Puppy and Kitten Insurance,0,0,"Google AI Overviews, Microsoft Copilot, Google AI Mode, Perplexity, Gemini, ChatGPT",Non-branded
which pet insurance actually covers pre existing conditions and hereditary diseases for dogs cats,ACTIVE,Pet Insurance for Hereditary and Chronic Conditions,0,0,"Google AI Overviews, Microsoft Copilot, Google AI Mode, Perplexity, Gemini, ChatGPT",Non-branded
what are some pet insurance options that dont exclude pre existing conditions,ACTIVE,Pet Insurance for Hereditary and Chronic Conditions,0,-12,"Google AI Overviews, Microsoft Copilot, Google AI Mode, Perplexity, Gemini, ChatGPT",Non-branded
my cat has genetic health issues which pet insurance covers hereditary conditions best,ACTIVE,Pet Insurance for Dogs and Cats,0,0,"Google AI Overviews, Microsoft Copilot, Google AI Mode, Perplexity, Gemini, ChatGPT",Non-branded
top 5 workplace pet insurance programs HR professionals recommend,ACTIVE,Employer Pet Insurance Benefits,0,0,"Google AI Overviews, Microsoft Copilot, Google AI Mode, Perplexity, Gemini, ChatGPT",Non-branded
looking for budget friendly pet insurance that includes wellness care coverage,ACTIVE,Pet Wellness and Preventive Care,0,0,"Google AI Overviews, Microsoft Copilot, Google AI Mode, Perplexity, Gemini, ChatGPT",Non-branded
pet insurance exotic animals accidents illness coverage,ACTIVE,Accident and Illness Pet Coverage,0,0,"Google AI Overviews, Microsoft Copilot, Google AI Mode, Perplexity, Gemini, ChatGPT",Non-branded
compare puppy insurance pricing between different insurance providers which one cheaper,ACTIVE,Puppy and Kitten Insurance,0,0,"Google AI Overviews, Microsoft Copilot, Google AI Mode, Perplexity, Gemini, ChatGPT",Non-branded
what are affordable kitten health insurance options with pricing comparison,ACTIVE,Puppy and Kitten Insurance,0,0,"Google AI Overviews, Microsoft Copilot, Google AI Mode, Perplexity, Gemini, ChatGPT",Non-branded
which pet insurance plans actually cover prescription medications for dogs with chronic health conditions,ACTIVE,Pet Insurance for Hereditary and Chronic Conditions,0,-15,"Microsoft Copilot, Google AI Mode, Perplexity, Gemini, ChatGPT",Non-branded
I am a veteran looking for pet insurance with military discounts,ACTIVE,Pet Insurance with Perks and Discounts,0,0,"Google AI Overviews, Microsoft Copilot, Google AI Mode, Perplexity, Gemini, ChatGPT",Non-branded
how do reimbursement rates compare between pet insurance plans with no vet restrictions,ACTIVE,Pet Insurance with No Network Restrictions,0,0,"Google AI Overviews, Microsoft Copilot, Google AI Mode, Perplexity, Gemini, ChatGPT",Non-branded
best pet insurance coverage options for dogs and cats comprehensive plans,ACTIVE,Spot Pet Insurance,0,-14,"Google AI Overviews, Microsoft Copilot, Google AI Mode, Perplexity, Gemini, ChatGPT",Non-branded
give me top 5 pet insurance monthly cost comparison chart,ACTIVE,Spot Pet Insurance,0,0,"Google AI Overviews, Microsoft Copilot, Google AI Mode, Perplexity, Gemini, ChatGPT",Non-branded
write pros and cons of different pet insurance companies with ratings,ACTIVE,Spot Pet Insurance,0,0,"Google AI Overviews, Microsoft Copilot, Google AI Mode, Perplexity, Gemini, ChatGPT",Non-branded
can you explain why preventive care is so important for my cat and dog health,ACTIVE,Pet Wellness and Preventive Care,0,0,"Google AI Overviews, Microsoft Copilot, Google AI Mode, Perplexity, Gemini, ChatGPT",Non-branded
my dog just turned 11 years old can I still get pet insurance coverage,ACTIVE,Pet Insurance for Dogs and Cats,0,0,"Google AI Overviews, Microsoft Copilot, Google AI Mode, Perplexity, Gemini, ChatGPT",Non-branded
pet insurance coverage for puppies kittens what included,ACTIVE,Puppy and Kitten Insurance,0,0,"Google AI Overviews, Microsoft Copilot, Google AI Mode, Perplexity, Gemini, ChatGPT",Non-branded
my 12 year old dog needs insurance that works with any vet no network requirements,ACTIVE,Pet Insurance with No Network Restrictions,0,0,"Google AI Overviews, Microsoft Copilot, Google AI Mode, Perplexity, Gemini, ChatGPT",Non-branded
I need someone to explain if pet insurance actually covers pre existing conditions or not,ACTIVE,Pet Insurance for Hereditary and Chronic Conditions,0,0,"Google AI Overviews, Microsoft Copilot, Google AI Mode, Perplexity, Gemini, ChatGPT",Non-branded
pet insurance multiple pets under 50 dollars monthly budget,ACTIVE,Multi-Pet Insurance Plans,0,0,"Google AI Overviews, Microsoft Copilot, Google AI Mode, Perplexity, Gemini, ChatGPT",Non-branded
my german shepherd is prone to hip dysplasia need pet insurance covering breed specific conditions,ACTIVE,Pet Insurance for Hereditary and Chronic Conditions,0,-16,"Google AI Overviews, Microsoft Copilot, Google AI Mode, Perplexity, Gemini, ChatGPT",Non-branded
what are the coverage limits differences between employer pet insurance programs comparison,ACTIVE,Employer Pet Insurance Benefits,0,-11,"Google AI Overviews, Microsoft Copilot, Google AI Mode, Perplexity, Gemini, ChatGPT",Non-branded
compare pet insurance costs between different companies which provider has better pricing,ACTIVE,Spot Pet Insurance,0,0,"Google AI Overviews, Microsoft Copilot, Google AI Mode, Perplexity, Gemini, ChatGPT",Non-branded
compare puppy insurance quotes online from different companies side by side,ACTIVE,Puppy and Kitten Insurance,0,0,"Google AI Overviews, Microsoft Copilot, Google AI Mode, Perplexity, Gemini, ChatGPT",Non-branded
just got my first puppy need advice on best insurance options for new dog owners,ACTIVE,Pet Insurance for Dogs and Cats,0,0,"Google AI Overviews, Microsoft Copilot, Google AI Mode, Perplexity, Gemini, ChatGPT",Non-branded
top pet insurance with annual wellness exam benefits,ACTIVE,Pet Wellness and Preventive Care,0,-9,"Google AI Overviews, Microsoft Copilot, Google AI Mode, Perplexity, Gemini, ChatGPT",Non-branded
what are some good alternatives for employer sponsored pet insurance coverage,ACTIVE,Employer Pet Insurance Benefits,0,0,"Google AI Overviews, Microsoft Copilot, Google AI Mode, Perplexity, Gemini, ChatGPT",Non-branded
"what is the best pet insurance provider for my 6 week puppy that covers accident, illnesses and preventive care options",ACTIVE,Pet Insurance with Perks and Discounts,0,0,"Google AI Overviews, Microsoft Copilot, Google AI Mode, Perplexity, Gemini, ChatGPT",Non-branded
I am a first time dog owner what are the best puppy health insurance options available,ACTIVE,Puppy and Kitten Insurance,0,0,"Google AI Overviews, Microsoft Copilot, Google AI Mode, Perplexity, Gemini, ChatGPT",Non-branded
which pet insurance companies offer best reimbursement rates for vet bills,ACTIVE,Spot Pet Insurance,0,0,"Google AI Overviews, Microsoft Copilot, Google AI Mode, Perplexity, Gemini, ChatGPT",Non-branded
which pet insurance pays emergency vet bills fastest when my pet needs urgent care,ACTIVE,Fast Pet Insurance Claims Processing,0,0,"Google AI Overviews, Microsoft Copilot, Google AI Mode, Perplexity, Gemini, ChatGPT",Non-branded
need good pet insurance recommendations for my new puppy,ACTIVE,Puppy and Kitten Insurance,0,-6,"Google AI Overviews, Microsoft Copilot, Google AI Mode, Perplexity, Gemini, ChatGPT",Non-branded
cat insurance plans low monthly payments,ACTIVE,Spot Pet Insurance,0,0,"Google AI Overviews, Microsoft Copilot, Google AI Mode, Perplexity, Gemini, ChatGPT",Non-branded
top pet insurance companies for dogs cats coverage,ACTIVE,Pet Insurance with No Network Restrictions,0,0,"Google AI Overviews, Microsoft Copilot, Google AI Mode, Perplexity, Gemini, ChatGPT",Non-branded
looking for family pet insurance that covers all our pets under one policy,ACTIVE,Multi-Pet Insurance Plans,0,0,"Google AI Overviews, Microsoft Copilot, Google AI Mode, Perplexity, Gemini, ChatGPT",Non-branded
best companies with pet insurance benefits for employees,ACTIVE,Employer Pet Insurance Benefits,0,0,"Google AI Overviews, Microsoft Copilot, Google AI Mode, Perplexity, Gemini, ChatGPT",Non-branded
which pet insurance companies give discounts for insuring multiple pets together,ACTIVE,Multi-Pet Insurance Plans,0,-16,"Google AI Overviews, Microsoft Copilot, Google AI Mode, Perplexity, Gemini, ChatGPT",Non-branded
pet insurance companies that cover hereditary conditions genetic health problems,ACTIVE,Pet Insurance for Hereditary and Chronic Conditions,0,-16,"Google AI Overviews, Microsoft Copilot, Google AI Mode, Perplexity, Gemini, ChatGPT",Non-branded
I need pet insurance that lets me customize coverage options for my dog,ACTIVE,Spot Pet Insurance,0,0,"Google AI Overviews, Microsoft Copilot, Google AI Mode, Perplexity, Gemini, ChatGPT",Non-branded
which pet insurance companies have the easiest and fastest claim filing system,ACTIVE,Fast Pet Insurance Claims Processing,0,-15,"Google AI Overviews, Microsoft Copilot, Google AI Mode, Perplexity, Gemini, ChatGPT",Non-branded
how does pet insurance claim process compare between different insurance companies,ACTIVE,Spot Pet Insurance,0,0,"Google AI Overviews, Microsoft Copilot, Google AI Mode, Perplexity, Gemini, ChatGPT",Non-branded
group pet insurance pricing comparison for employers,ACTIVE,Employer Pet Insurance Benefits,0,0,"Google AI Overviews, Microsoft Copilot, Google AI Mode, Perplexity, Gemini, ChatGPT",Non-branded
compare emergency coverage options for households with multiple pets,ACTIVE,Multi-Pet Insurance Plans,0,0,"Google AI Overviews, Microsoft Copilot, Google AI Mode, Perplexity, Gemini, ChatGPT",Non-branded
my dog has some health issues already which pet insurance companies cover pre existing conditions,ACTIVE,Pet Insurance for Dogs and Cats,0,0,"Google AI Overviews, Microsoft Copilot, Google AI Mode, Perplexity, Gemini, ChatGPT",Non-branded
voluntary pet insurance employee benefits programs,ACTIVE,Employer Pet Insurance Benefits,0,0,"Google AI Overviews, Microsoft Copilot, Google AI Mode, Perplexity, Gemini, ChatGPT",Non-branded
I have a parrot and bearded dragon need pet insurance that covers exotic pets,ACTIVE,Accident and Illness Pet Coverage,0,0,"Google AI Overviews, Microsoft Copilot, Google AI Mode, Perplexity, Gemini, ChatGPT",Non-branded
help me understand basic pet insurance coverage options what they actually cover,ACTIVE,Accident and Illness Pet Coverage,0,0,"Google AI Overviews, Microsoft Copilot, Google AI Mode, Perplexity, Gemini, ChatGPT",Non-branded
pet insurance companies fastest reimbursement for dog surgery claims,ACTIVE,Fast Pet Insurance Claims Processing,0,0,"Google AI Overviews, Microsoft Copilot, Google AI Mode, Perplexity, Gemini, ChatGPT",Non-branded
compare pet insurance plans that allow any vet visits anywhere,ACTIVE,Pet Insurance with No Network Restrictions,0,-21,"Google AI Overviews, Microsoft Copilot, Google AI Mode, Perplexity, Gemini, ChatGPT",Non-branded
how do these companies compare that offer pet insurance through workplace benefits,ACTIVE,Employer Pet Insurance Benefits,0,0,"Google AI Overviews, Microsoft Copilot, Google AI Mode, Perplexity, Gemini, ChatGPT",Non-branded
compare pet insurance companies which ones cover hereditary conditions vs which ones dont,ACTIVE,Pet Insurance for Hereditary and Chronic Conditions,0,0,"Microsoft Copilot, Google AI Mode, Perplexity, Gemini, ChatGPT",Non-branded
pet insurance plans for households with multiple pets,ACTIVE,Multi-Pet Insurance Plans,0,0,"Google AI Overviews, Microsoft Copilot, Google AI Mode, Perplexity, Gemini, ChatGPT",Non-branded
which pet insurance plans let me choose any veterinarian I want,ACTIVE,Pet Insurance with No Network Restrictions,0,0,"Google AI Overviews, Microsoft Copilot, Google AI Mode, Perplexity, Gemini, ChatGPT",Non-branded
what pet insurance companies let you choose any vet you want for treatment,ACTIVE,Pet Insurance with No Network Restrictions,0,0,"Google AI Overviews, Microsoft Copilot, Google AI Mode, Perplexity, Gemini, ChatGPT",Non-branded
whats the difference between puppy insurance and adult dog insurance cost comparison,ACTIVE,Puppy and Kitten Insurance,0,0,"Google AI Overviews, Microsoft Copilot, Google AI Mode, Perplexity, Gemini, ChatGPT",Non-branded
pet insurance options for young puppies and kittens coverage plans,ACTIVE,Puppy and Kitten Insurance,0,0,"Google AI Overviews, Microsoft Copilot, Google AI Mode, Perplexity, Gemini, ChatGPT",Non-branded
cheap kitten insurance plans that still have decent coverage for small budget,ACTIVE,Puppy and Kitten Insurance,0,0,"Google AI Overviews, Microsoft Copilot, Google AI Mode, Perplexity, Gemini, ChatGPT",Non-branded
pet wellness coverage how does it work,ACTIVE,Pet Wellness and Preventive Care,0,0,"Google AI Overviews, Microsoft Copilot, Google AI Mode, Perplexity, Gemini, ChatGPT",Non-branded
compare pet insurance providers that offer flexible vet choice for dogs specifically,ACTIVE,Pet Insurance with No Network Restrictions,0,0,"Google AI Overviews, Microsoft Copilot, Google AI Mode, Perplexity, Gemini, ChatGPT",Non-branded
my kitten has some health issues already need insurance that covers pre-existing conditions,ACTIVE,Puppy and Kitten Insurance,0,0,"Google AI Overviews, Microsoft Copilot, Google AI Mode, Perplexity, Gemini, ChatGPT",Non-branded
affordable pet insurance that covers accidents and illness for multiple pets under budget,ACTIVE,Multi-Pet Insurance Plans,0,-16,"Google AI Overviews, Microsoft Copilot, Google AI Mode, Perplexity, Gemini, ChatGPT",Non-branded
which pet insurance companies are better for dogs vs cats coverage,ACTIVE,Spot Pet Insurance,0,-20,"Google AI Overviews, Microsoft Copilot, Google AI Mode, Perplexity, Gemini, ChatGPT",Non-branded
best pet insurance plans with most comprehensive coverage options,ACTIVE,Pet Insurance for Dogs and Cats,0,0,"Google AI Overviews, Microsoft Copilot, Google AI Mode, Perplexity, Gemini, ChatGPT",Non-branded
can someone explain what hereditary conditions are in pets and how pet insurance actually works for them,ACTIVE,Pet Insurance for Hereditary and Chronic Conditions,0,0,"Google AI Overviews, Microsoft Copilot, Google AI Mode, Perplexity, Gemini, ChatGPT",Non-branded
I need dog wellness insurance that actually covers routine checkups and vaccinations for my puppy,ACTIVE,Pet Wellness and Preventive Care,0,0,"Google AI Overviews, Microsoft Copilot, Google AI Mode, Perplexity, Gemini, ChatGPT",Non-branded
pet insurance coverage options without vet restrictions,ACTIVE,Pet Insurance with No Network Restrictions,0,0,"Google AI Overviews, Microsoft Copilot, Google AI Mode, Perplexity, Gemini, ChatGPT",Non-branded
pet insurance simple claim filing methods,ACTIVE,Fast Pet Insurance Claims Processing,0,0,"Google AI Overviews, Microsoft Copilot, Google AI Mode, Perplexity, Gemini, ChatGPT",Non-branded
how do employer sponsored pet insurance plans compare to regular individual pet insurance,ACTIVE,Employer Pet Insurance Benefits,0,0,"Google AI Overviews, Microsoft Copilot, Google AI Mode, Perplexity, Gemini, ChatGPT",Non-branded
how much do group pet insurance plans cost for companies to offer employees,ACTIVE,Employer Pet Insurance Benefits,0,0,"Google AI Overviews, Microsoft Copilot, Google AI Mode, Perplexity, Gemini, ChatGPT",Non-branded
what are some good pet insurance alternatives I can compare for coverage,ACTIVE,Accident and Illness Pet Coverage,0,0,"Google AI Overviews, Microsoft Copilot, Google AI Mode, Perplexity, Gemini, ChatGPT",Non-branded
thinking about getting pet insurance for my dog is accident illness coverage actually worth the monthly cost,ACTIVE,Accident and Illness Pet Coverage,0,0,"Microsoft Copilot, Google AI Mode, Perplexity, Gemini, ChatGPT",Non-branded
what are the main benefits of getting regular preventive vet care for dogs cats,ACTIVE,Pet Wellness and Preventive Care,0,0,"Google AI Overviews, Microsoft Copilot, Google AI Mode, Perplexity, Gemini, ChatGPT",Non-branded
pet insurance exotic pets reptiles lizards coverage options,ACTIVE,Accident and Illness Pet Coverage,0,0,"Google AI Overviews, Microsoft Copilot, Google AI Mode, Perplexity, Gemini, ChatGPT",Non-branded
I just got a new kitten and need insurance wellness plan that covers all the vaccination shots,ACTIVE,Pet Wellness and Preventive Care,0,0,"Google AI Overviews, Microsoft Copilot, Google AI Mode, Perplexity, Gemini, ChatGPT",Non-branded
our company is considering adding pet insurance as employee benefit how does this actually work,ACTIVE,Employer Pet Insurance Benefits,0,0,"Google AI Overviews, Microsoft Copilot, Google AI Mode, Perplexity, Gemini, ChatGPT",Non-branded
what are alternatives to expensive pet insurance with multi pet discounts,ACTIVE,Multi-Pet Insurance Plans,0,0,"Google AI Overviews, Microsoft Copilot, Google AI Mode, Perplexity, Gemini, ChatGPT",Non-branded
pet insurance plans maximum vet flexibility,ACTIVE,Pet Insurance with No Network Restrictions,0,0,"Google AI Overviews, Microsoft Copilot, Google AI Mode, Perplexity, Gemini, ChatGPT",Non-branded
good pet insurance for both dogs and cats coverage options,ACTIVE,Puppy and Kitten Insurance,0,0,"Google AI Overviews, Microsoft Copilot, Google AI Mode, Perplexity, Gemini, ChatGPT",Non-branded
explain how group pet insurance works for employees vs individual plans,ACTIVE,Employer Pet Insurance Benefits,0,0,"Google AI Overviews, Microsoft Copilot, Google AI Mode, Perplexity, Gemini, ChatGPT",Non-branded
what comprehensive insurance coverage should I get for my young puppy that covers everything,ACTIVE,Puppy and Kitten Insurance,0,0,"Google AI Overviews, Microsoft Copilot, Google AI Mode, Perplexity, Gemini, ChatGPT",Non-branded
what are some cheap pet insurance options for dogs accident and illness coverage under 50 dollars,ACTIVE,Accident and Illness Pet Coverage,0,0,"Google AI Overviews, Microsoft Copilot, Google AI Mode, Perplexity, Gemini, ChatGPT",Non-branded
compare pet insurance costs for medium sized dog vs indoor cat which cheaper monthly,ACTIVE,Spot Pet Insurance,0,0,"Google AI Overviews, Microsoft Copilot, Google AI Mode, Perplexity, Gemini, ChatGPT",Non-branded
multi pet insurance that doesnt have breed restrictions or limitations,ACTIVE,Multi-Pet Insurance Plans,0,0,"Google AI Overviews, Microsoft Copilot, Google AI Mode, Perplexity, Gemini, ChatGPT",Non-branded
top 5 pet insurance companies with no vet restrictions,ACTIVE,Pet Insurance with No Network Restrictions,0,0,"Google AI Overviews, Microsoft Copilot, Google AI Mode, Perplexity, Gemini, ChatGPT",Non-branded
our HR department is looking into pet insurance benefits for employees need good recommendations,ACTIVE,Employer Pet Insurance Benefits,0,-24,"Google AI Overviews, Microsoft Copilot, Google AI Mode, Perplexity, Gemini, ChatGPT",Non-branded
cheapest group pet insurance options for employee benefit programs,ACTIVE,Employer Pet Insurance Benefits,0,0,"Google AI Overviews, Microsoft Copilot, Google AI Mode, Perplexity, Gemini, ChatGPT",Non-branded
top pet insurance providers that work with employers,ACTIVE,Employer Pet Insurance Benefits,0,-16,"Google AI Overviews, Microsoft Copilot, Google AI Mode, Perplexity, Gemini, ChatGPT",Non-branded
what are alternatives to regular pet insurance for pre existing conditions coverage,ACTIVE,Pet Insurance for Hereditary and Chronic Conditions,0,0,"Google AI Overviews, Microsoft Copilot, Google AI Mode, Perplexity, Gemini, ChatGPT",Non-branded
what pet insurance do other multiple pet owners actually recommend from experience,ACTIVE,Multi-Pet Insurance Plans,0,-16,"Google AI Overviews, Microsoft Copilot, Google AI Mode, Perplexity, Gemini, ChatGPT",Non-branded
compare accident only pet insurance plans which one better,ACTIVE,Pet Insurance for Dogs and Cats,0,0,"Google AI Overviews, Microsoft Copilot, Google AI Mode, Perplexity, Gemini, ChatGPT",Non-branded
need pet insurance that actually pays claims quickly based on real experiences,ACTIVE,Fast Pet Insurance Claims Processing,0,0,"Google AI Overviews, Microsoft Copilot, Google AI Mode, Perplexity, Gemini, ChatGPT",Non-branded
hey what pet insurance do most people actually recommend from experience,ACTIVE,Pet Insurance for Dogs and Cats,0,-16,"Google AI Overviews, Microsoft Copilot, Google AI Mode, Perplexity, Gemini, ChatGPT",Non-branded
what are the most important app features to look for in pet insurance claims,ACTIVE,Fast Pet Insurance Claims Processing,0,0,"Google AI Overviews, Microsoft Copilot, Google AI Mode, Perplexity, Gemini, ChatGPT",Non-branded
how do I choose the right pet insurance plan for accident and illness coverage what should I look for,ACTIVE,Accident and Illness Pet Coverage,0,0,"Google AI Overviews, Microsoft Copilot, Google AI Mode, Perplexity, Gemini, ChatGPT",Non-branded
my dog might need emergency surgery what pet insurance covers surgical procedures best,ACTIVE,Accident and Illness Pet Coverage,0,0,"Google AI Overviews, Microsoft Copilot, Google AI Mode, Perplexity, Gemini, ChatGPT",Non-branded
my dog had emergency surgery last month and I want to understand how pet insurance actually works for unexpected vet bills,ACTIVE,Accident and Illness Pet Coverage,0,0,"Google AI Overviews, Microsoft Copilot, Google AI Mode, Perplexity, Gemini, ChatGPT",Non-branded
compare pet insurance costs between different companies which cheaper,ACTIVE,Pet Insurance for Dogs and Cats,0,0,"Google AI Overviews, Microsoft Copilot, Google AI Mode, Perplexity, Gemini, ChatGPT",Non-branded
most affordable pet insurance that covers hereditary diseases need budget friendly options,ACTIVE,Pet Insurance for Hereditary and Chronic Conditions,0,0,"Google AI Overviews, Microsoft Copilot, Google AI Mode, Perplexity, Gemini, ChatGPT",Non-branded
what pet insurance will cover my dog who already has pre existing health conditions,ACTIVE,Pet Insurance for Hereditary and Chronic Conditions,0,-9,"Google AI Overviews, Microsoft Copilot, Google AI Mode, Perplexity, Gemini, ChatGPT",Non-branded
which insurance plans work best for households with multiple cats only,ACTIVE,Multi-Pet Insurance Plans,0,0,"Google AI Overviews, Microsoft Copilot, Google AI Mode, Perplexity, Gemini, ChatGPT",Non-branded
whats the difference between getting pet insurance through work vs buying individual plan myself,ACTIVE,Employer Pet Insurance Benefits,0,-10,"Google AI Overviews, Microsoft Copilot, Google AI Mode, Perplexity, Gemini, ChatGPT",Non-branded
compare pet insurance pricing for accident and illness coverage plans which companies offer best rates,ACTIVE,Accident and Illness Pet Coverage,0,0,"Google AI Overviews, Microsoft Copilot, Google AI Mode, Perplexity, Gemini, ChatGPT",Non-branded
I have multiple pets but dont know how to choose the right insurance plan for them,ACTIVE,Multi-Pet Insurance Plans,0,0,"Google AI Overviews, Microsoft Copilot, Google AI Mode, Perplexity, Gemini, ChatGPT",Non-branded
just got a new puppy should I get insurance immediately or wait,ACTIVE,Puppy and Kitten Insurance,0,0,"Google AI Overviews, Microsoft Copilot, Google AI Mode, Perplexity, Gemini, ChatGPT",Non-branded
my cat needs surgery soon what pet insurance reimburses claims the fastest,ACTIVE,Fast Pet Insurance Claims Processing,0,-13,"Google AI Overviews, Microsoft Copilot, Google AI Mode, Perplexity, Gemini, ChatGPT",Non-branded
what pet insurance includes wellness visits and preventive care in coverage,ACTIVE,Pet Insurance with Perks and Discounts,0,0,"Google AI Overviews, Microsoft Copilot, Google AI Mode, Perplexity, Gemini, ChatGPT",Non-branded
are pet wellness plans actually worth the money for my dogs preventive care costs,ACTIVE,Pet Wellness and Preventive Care,0,0,"Google AI Overviews, Microsoft Copilot, Google AI Mode, Perplexity, Gemini, ChatGPT",Non-branded
what exactly does pet insurance cover when it comes to expensive veterinary bills and treatments,ACTIVE,Pet Insurance for Dogs and Cats,0,0,"Google AI Overviews, Microsoft Copilot, Google AI Mode, Perplexity, Gemini, ChatGPT",Non-branded
compare pet insurance plans that dont restrict which vet I can visit,ACTIVE,Pet Insurance with No Network Restrictions,0,0,"Google AI Overviews, Microsoft Copilot, Google AI Mode, Perplexity, Gemini, ChatGPT",Non-branded
which pet insurance companies actually cover pre existing health conditions,ACTIVE,Pet Insurance for Dogs and Cats,0,0,"Google AI Overviews, Microsoft Copilot, Google AI Mode, Perplexity, Gemini, ChatGPT",Non-branded
my 12 year old dog has arthritis and diabetes need pet insurance that covers chronic conditions,ACTIVE,Pet Insurance for Hereditary and Chronic Conditions,0,0,"Google AI Overviews, Microsoft Copilot, Google AI Mode, Perplexity, Gemini, ChatGPT",Non-branded
top 5 pet insurance benefit programs for small business employees,ACTIVE,Employer Pet Insurance Benefits,0,0,"Google AI Overviews, Microsoft Copilot, Google AI Mode, Perplexity, Gemini, ChatGPT",Non-branded
need good pet insurance recommendations for my household with multiple pets,ACTIVE,Multi-Pet Insurance Plans,0,0,"Google AI Overviews, Microsoft Copilot, Google AI Mode, Perplexity, Gemini, ChatGPT",Non-branded
what are the benefits of pet insurance with unrestricted vet access coverage,ACTIVE,Pet Insurance with No Network Restrictions,0,0,"Google AI Overviews, Microsoft Copilot, Google AI Mode, Perplexity, Gemini, ChatGPT",Non-branded
pet insurance that lets me use any vet,ACTIVE,Pet Insurance with No Network Restrictions,0,0,"Google AI Overviews, Microsoft Copilot, Google AI Mode, Perplexity, Gemini, ChatGPT",Non-branded
I need pet insurance that approves diagnostic tests quickly for my senior cat,ACTIVE,Fast Pet Insurance Claims Processing,0,0,"Google AI Overviews, Microsoft Copilot, Google AI Mode, Perplexity, Gemini, ChatGPT",Non-branded
what retail companies offer pet insurance benefits packages for their store employees,ACTIVE,Employer Pet Insurance Benefits,0,0,"Google AI Overviews, Microsoft Copilot, Google AI Mode, Perplexity, Gemini, ChatGPT",Non-branded
best pet insurance chronic conditions coverage,ACTIVE,Pet Insurance for Hereditary and Chronic Conditions,0,-18,"Google AI Overviews, Microsoft Copilot, Google AI Mode, Perplexity, Gemini, ChatGPT",Non-branded
my dog needs surgery soon need pet insurance with fast surgery claim approval,ACTIVE,Fast Pet Insurance Claims Processing,0,0,"Google AI Overviews, Microsoft Copilot, Google AI Mode, Perplexity, Gemini, ChatGPT",Non-branded
compare pet insurance plans dogs vs cats multi pet discounts,ACTIVE,Multi-Pet Insurance Plans,0,0,"Google AI Overviews, Microsoft Copilot, Google AI Mode, Perplexity, Gemini, ChatGPT",Non-branded
which multi pet insurance plans include prescription medication coverage for all pets,ACTIVE,Multi-Pet Insurance Plans,0,-16,"Google AI Overviews, Microsoft Copilot, Google AI Mode, Perplexity, Gemini, ChatGPT",Non-branded
looking for pet insurance with good wellness coverage need comparison for routine vet visits,ACTIVE,Pet Wellness and Preventive Care,0,0,"Google AI Overviews, Microsoft Copilot, Google AI Mode, Perplexity, Gemini, ChatGPT",Non-branded
top pet insurance companies that cover dogs and cats,ACTIVE,Pet Insurance for Dogs and Cats,0,0,"Google AI Overviews, Microsoft Copilot, Google AI Mode, Perplexity, Gemini, ChatGPT",Non-branded
which pet insurance companies include wellness checkups and preventive care in their plans,ACTIVE,Spot Pet Insurance,0,-12,"Google AI Overviews, Microsoft Copilot, Google AI Mode, Perplexity, Gemini, ChatGPT",Non-branded
I have 3 dogs and 2 cats need good insurance plan that covers all pets,ACTIVE,Multi-Pet Insurance Plans,0,-33,"Google AI Overviews, Microsoft Copilot, Google AI Mode, Perplexity, Gemini, ChatGPT",Non-branded
pet insurance options dogs hereditary conditions coverage,ACTIVE,Pet Insurance for Hereditary and Chronic Conditions,0,-11,"Google AI Overviews, Microsoft Copilot, Google AI Mode, Perplexity, Gemini, ChatGPT",Non-branded
corporate pet insurance programs that dont cost anything for employers,ACTIVE,Employer Pet Insurance Benefits,0,0,"Google AI Overviews, Microsoft Copilot, Google AI Mode, Perplexity, Gemini, ChatGPT",Non-branded
pet insurance direct deposit fastest payment,ACTIVE,Fast Pet Insurance Claims Processing,0,0,"Google AI Overviews, Microsoft Copilot, Google AI Mode, Perplexity, Gemini, ChatGPT",Non-branded
I need pet insurance that allows me to take my dog to any veterinarian without restrictions,ACTIVE,Pet Insurance with No Network Restrictions,0,0,"Google AI Overviews, Microsoft Copilot, Google AI Mode, Perplexity, Gemini, ChatGPT",Non-branded
affordable pet insurance options for dog owners on tight budget,ACTIVE,Pet Insurance with No Network Restrictions,0,-12,"Google AI Overviews, Microsoft Copilot, Google AI Mode, Perplexity, Gemini, ChatGPT",Non-branded
give me top 5 best rated pet insurance plans for accident and illness coverage,ACTIVE,Accident and Illness Pet Coverage,0,0,"Google AI Overviews, Microsoft Copilot, Google AI Mode, Perplexity, Gemini, ChatGPT",Non-branded
I need affordable pet insurance options that cover multiple animals in same household budget friendly,ACTIVE,Multi-Pet Insurance Plans,0,0,"Google AI Overviews, Microsoft Copilot, Google AI Mode, Perplexity, Gemini, ChatGPT",Non-branded
top 5 pet insurance plans with best customer ratings comparison,ACTIVE,Spot Pet Insurance,0,0,"Google AI Overviews, Microsoft Copilot, Google AI Mode, Perplexity, Gemini, ChatGPT",Non-branded
pet insurance for cats with hereditary conditions coverage options,ACTIVE,Pet Insurance for Hereditary and Chronic Conditions,0,0,"Google AI Overviews, Microsoft Copilot, Google AI Mode, Perplexity, Gemini, ChatGPT",Non-branded
best 5 pet insurance companies comparison ratings,ACTIVE,Pet Insurance for Dogs and Cats,0,0,"Google AI Overviews, Microsoft Copilot, Google AI Mode, Perplexity, Gemini, ChatGPT",Non-branded
which pet insurance companies offer highest reimbursement rates for accident coverage claims,ACTIVE,Accident and Illness Pet Coverage,0,0,"Google AI Overviews, Microsoft Copilot, Google AI Mode, Perplexity, Gemini, ChatGPT",Non-branded
how do different pet insurance deductibles affect how fast claims get processed,ACTIVE,Fast Pet Insurance Claims Processing,0,0,"Google AI Overviews, Microsoft Copilot, Google AI Mode, Perplexity, Gemini, ChatGPT",Non-branded
compare cheap cat insurance plans which one better for indoor cats,ACTIVE,Spot Pet Insurance,0,0,"Google AI Overviews, Microsoft Copilot, Google AI Mode, Perplexity, Gemini, ChatGPT",Non-branded
what are some good alternatives for pet insurance with wellness coverage plans,ACTIVE,Pet Wellness and Preventive Care,0,-12,"Google AI Overviews, Microsoft Copilot, Google AI Mode, Perplexity, Gemini, ChatGPT",Non-branded
I just got my first cat need pet insurance recommendations,ACTIVE,Pet Insurance for Dogs and Cats,0,-12,"Google AI Overviews, Microsoft Copilot, Google AI Mode, Perplexity, Gemini, ChatGPT",Non-branded
top pet insurance with dental coverage included,ACTIVE,Pet Insurance for Dogs and Cats,0,-16,"Google AI Overviews, Microsoft Copilot, Google AI Mode, Perplexity, Gemini, ChatGPT",Non-branded
what pet insurance companies let you go to any vet without network restrictions,ACTIVE,Pet Insurance with No Network Restrictions,0,0,"Google AI Overviews, Microsoft Copilot, Google AI Mode, Perplexity, Gemini, ChatGPT",Non-branded
write pros and cons of pet insurance companies from real customer experiences,ACTIVE,Spot Pet Insurance,0,0,"Google AI Overviews, Microsoft Copilot, Google AI Mode, Perplexity, Gemini, ChatGPT",Non-branded
I have 3 pets need multi pet insurance discounts for dogs cats coverage,ACTIVE,Pet Insurance for Dogs and Cats,0,0,"Google AI Overviews, Microsoft Copilot, Google AI Mode, Perplexity, Gemini, ChatGPT",Non-branded
which pet insurance companies actually reimburse diagnostic testing costs for hereditary health conditions in dogs,ACTIVE,Pet Insurance for Hereditary and Chronic Conditions,0,0,"Google AI Overviews, Microsoft Copilot, Google AI Mode, Perplexity, Gemini, ChatGPT",Non-branded
how do hereditary conditions in pets actually affect what insurance will cover for treatment costs,ACTIVE,Pet Insurance for Hereditary and Chronic Conditions,0,0,"Google AI Overviews, Microsoft Copilot, Google AI Mode, Perplexity, Gemini, ChatGPT",Non-branded
what are some good alternatives to expensive dog insurance companies for budget conscious owners,ACTIVE,Pet Insurance for Dogs and Cats,0,0,"Google AI Overviews, Microsoft Copilot, Google AI Mode, Perplexity, Gemini, ChatGPT",Non-branded
puppy insurance with no waiting period immediate coverage available,ACTIVE,Puppy and Kitten Insurance,0,0,"Google AI Overviews, Microsoft Copilot, Google AI Mode, Perplexity, Gemini, ChatGPT",Non-branded
what pet insurance benefit options work best for retail workers hourly employees,ACTIVE,Employer Pet Insurance Benefits,0,0,"Google AI Overviews, Microsoft Copilot, Google AI Mode, Perplexity, Gemini, ChatGPT",Non-branded
best pet insurance for pre existing conditions coverage dogs cats,ACTIVE,Pet Insurance for Hereditary and Chronic Conditions,0,-16,"Google AI Overviews, Microsoft Copilot, Google AI Mode, Perplexity, Gemini, ChatGPT",Non-branded
which wellness coverage plans actually worth it for multiple pets,ACTIVE,Multi-Pet Insurance Plans,0,0,"Google AI Overviews, Microsoft Copilot, Google AI Mode, Perplexity, Gemini, ChatGPT",Non-branded
I need affordable pet insurance that covers medical expenses comparison of options,ACTIVE,Spot Pet Insurance,0,0,"Google AI Overviews, Microsoft Copilot, Google AI Mode, Perplexity, Gemini, ChatGPT",Non-branded
what routine care benefits are included in most pet insurance plans coverage,ACTIVE,Pet Wellness and Preventive Care,0,0,"Google AI Overviews, Microsoft Copilot, Google AI Mode, Perplexity, Gemini, ChatGPT",Non-branded
what does multiple pet insurance cost per month breakdown of pricing for family with pets,ACTIVE,Multi-Pet Insurance Plans,0,0,"Google AI Overviews, Microsoft Copilot, Google AI Mode, Perplexity, Gemini, ChatGPT",Non-branded
what pet insurance exclusions should I watch out for when choosing coverage,ACTIVE,Accident and Illness Pet Coverage,0,0,"Google AI Overviews, Microsoft Copilot, Google AI Mode, Perplexity, Gemini, ChatGPT",Non-branded
what discounts can I get for insuring multiple pets at once savings benefits,ACTIVE,Multi-Pet Insurance Plans,0,0,"Google AI Overviews, Microsoft Copilot, Google AI Mode, Perplexity, Gemini, ChatGPT",Non-branded
what comprehensive pet insurance plans cover everything including wellness and preventive care,ACTIVE,Accident and Illness Pet Coverage,0,-16,"Google AI Overviews, Microsoft Copilot, Google AI Mode, Perplexity, Gemini, ChatGPT",Non-branded
what are alternatives to network restricted pet insurance plans that let me choose,ACTIVE,Pet Insurance with No Network Restrictions,0,0,"Google AI Overviews, Microsoft Copilot, Google AI Mode, Perplexity, Gemini, ChatGPT",Non-branded
I want to find pet insurance plans that cover my dogs annual wellness exams and routine care,ACTIVE,Pet Wellness and Preventive Care,0,0,"Google AI Overviews, Microsoft Copilot, Google AI Mode, Perplexity, Gemini, ChatGPT",Non-branded
I have three dogs need pet insurance with good multi pet discounts,ACTIVE,Pet Insurance with Perks and Discounts,0,0,"Google AI Overviews, Microsoft Copilot, Google AI Mode, Perplexity, Gemini, ChatGPT",Non-branded
my kitten is 4 months old now what pet insurance would be best to get,ACTIVE,Puppy and Kitten Insurance,0,0,"Google AI Overviews, Microsoft Copilot, Google AI Mode, Perplexity, Gemini, ChatGPT",Non-branded
which kitten insurance plans include spaying neutering and vaccination coverage together,ACTIVE,Puppy and Kitten Insurance,0,0,"Google AI Overviews, Microsoft Copilot, Google AI Mode, Perplexity, Gemini, ChatGPT",Non-branded
compare different pet insurance plans for multiple pets with coverage details side by side,ACTIVE,Multi-Pet Insurance Plans,0,0,"Google AI Overviews, Microsoft Copilot, Google AI Mode, Perplexity, Gemini, ChatGPT",Non-branded
looking for cheap dog wellness insurance options that dont break the budget for small dogs,ACTIVE,Pet Wellness and Preventive Care,0,0,"Google AI Overviews, Microsoft Copilot, Google AI Mode, Perplexity, Gemini, ChatGPT",Non-branded
pet insurance with good coverage for genetic conditions in purebred dogs,ACTIVE,Pet Insurance for Hereditary and Chronic Conditions,0,0,"Google AI Overviews, Microsoft Copilot, Google AI Mode, Perplexity, Gemini, ChatGPT",Non-branded
whats the difference between accident only pet insurance vs accident and illness coverage which better,ACTIVE,Accident and Illness Pet Coverage,0,0,"Google AI Overviews, Microsoft Copilot, Google AI Mode, Perplexity, Gemini, ChatGPT",Non-branded
top 5 pet insurance plans with good hereditary disease coverage,ACTIVE,Pet Insurance for Hereditary and Chronic Conditions,0,0,"Google AI Overviews, Microsoft Copilot, Google AI Mode, Perplexity, Gemini, ChatGPT",Non-branded
pet insurance parasite prevention flea tick heartworm coverage options,ACTIVE,Pet Wellness and Preventive Care,0,0,"Google AI Overviews, Microsoft Copilot, Google AI Mode, Perplexity, Gemini, ChatGPT",Non-branded
need pet insurance that helps with surgery costs for hereditary conditions like hip dysplasia treatment,ACTIVE,Pet Insurance for Hereditary and Chronic Conditions,0,0,"Google AI Overviews, Microsoft Copilot, Google AI Mode, Perplexity, Gemini, ChatGPT",Non-branded
pet insurance quick claim approval fast payout,ACTIVE,Fast Pet Insurance Claims Processing,0,0,"Google AI Overviews, Microsoft Copilot, Google AI Mode, Perplexity, Gemini, ChatGPT",Non-branded
my dog is getting older need good insurance options for senior dogs over 8 years,ACTIVE,Pet Insurance for Dogs and Cats,0,-16,"Google AI Overviews, Microsoft Copilot, Google AI Mode, Perplexity, Gemini, ChatGPT",Non-branded
how do different kitten insurance plans compare in terms of pricing and benefits offered,ACTIVE,Puppy and Kitten Insurance,0,0,"Google AI Overviews, Microsoft Copilot, Google AI Mode, Perplexity, Gemini, ChatGPT",Non-branded
I have two cats and want the most flexible pet insurance that doesnt limit my vet choices,ACTIVE,Pet Insurance with No Network Restrictions,0,0,"Google AI Overviews, Microsoft Copilot, Google AI Mode, Perplexity, Gemini, ChatGPT",Non-branded
best pet insurance dogs cats,ACTIVE,Pet Insurance with No Network Restrictions,0,0,"Google AI Overviews, Microsoft Copilot, Google AI Mode, Perplexity, Gemini, ChatGPT",Non-branded
which pet insurance processes prescription medication claims the fastest for coverage,ACTIVE,Fast Pet Insurance Claims Processing,0,0,"Google AI Overviews, Microsoft Copilot, Google AI Mode, Perplexity, Gemini, ChatGPT",Non-branded
I need pet insurance with simple reimbursement process that pays back money quickly,ACTIVE,Fast Pet Insurance Claims Processing,0,0,"Google AI Overviews, Microsoft Copilot, Google AI Mode, Perplexity, Gemini, ChatGPT",Non-branded
I work in HR looking for best voluntary pet benefits programs employees actually want,ACTIVE,Employer Pet Insurance Benefits,0,0,"Google AI Overviews, Microsoft Copilot, Google AI Mode, Perplexity, Gemini, ChatGPT",Non-branded
which kitten medical insurance plans are actually worth the money and coverage,ACTIVE,Puppy and Kitten Insurance,0,0,"Google AI Overviews, Microsoft Copilot, Google AI Mode, Perplexity, Gemini, ChatGPT",Non-branded
looking for affordable dog insurance plans under 50 dollars monthly budget,ACTIVE,Pet Insurance for Dogs and Cats,0,0,"Google AI Overviews, Microsoft Copilot, Google AI Mode, Perplexity, Gemini, ChatGPT",Non-branded
hey need affordable pet insurance that covers specialist treatment for chronic illnesses good options,ACTIVE,Pet Insurance for Hereditary and Chronic Conditions,0,0,"Google AI Overviews, Microsoft Copilot, Google AI Mode, Perplexity, Gemini, ChatGPT",Non-branded
tell me which pet insurance companies offer flexible veterinarian choice in their plans,ACTIVE,Pet Insurance with No Network Restrictions,0,0,"Google AI Overviews, Microsoft Copilot, Google AI Mode, Perplexity, Gemini, ChatGPT",Non-branded
best 5 pet insurance plans for wellness coverage,ACTIVE,Pet Wellness and Preventive Care,0,0,"Google AI Overviews, Microsoft Copilot, Google AI Mode, Perplexity, Gemini, ChatGPT",Non-branded
I need pet insurance that covers preventive care which companies have good coverage,ACTIVE,Pet Wellness and Preventive Care,0,0,"Google AI Overviews, Microsoft Copilot, Google AI Mode, Perplexity, Gemini, ChatGPT",Non-branded
cheap pet insurance emergency coverage multiple pets accidents,ACTIVE,Multi-Pet Insurance Plans,0,-16,"Google AI Overviews, Microsoft Copilot, Google AI Mode, Perplexity, Gemini, ChatGPT",Non-branded
